T,Alt,Veloc,AccelG,AccelFPSS,VAccel,AltAccel,Filt_Alt,FVeloc,FAccelG,FAccelFPSS,FAccelVel,FAccelAlt,LDA,MaxV,MaxA,BO#1,LowV,Apogee,N-O,CH2,CH5
-1,6,0,0,0.47,0,0,6,0,0,0.47,0,0,0,0,0,0,0,0,0,0,0
-0.95,5,0,0,-0.47,0,0,5,0,0,-0.47,0,0,0,0,0,0,0,0,0,0,0
-0.9,4,0,0,0,0,0,4,0,0,0,0,0,0,0,0,0,0,0,0,0,0
-0.85,4,0,0,0.47,0,0,4,0,0,0.47,0,0,0,0,0,0,0,0,0,0,0
-0.8,5,0,0,0,0,0,5,0,0,0,0,0,0,0,0,0,0,0,0,0,0
-0.75,6,0,0,0,0,0,6,0,0,0,0,0,0,0,0,0,0,0,0,0,0
-0.7,6,0,0,-0.47,0,0,6,0,0,-0.47,0,0,0,0,0,0,0,0,0,0,0
-0.65,1,0,0,0,0,0,1,0,0,0,0,0,0,0,0,0,0,0,0,0,0
-0.6,6,0,0,0,0,0,6,0,0,0,0,0,0,0,0,0,0,0,0,0,0
-0.55,9,0,0,0,0,0,9,0,0,0,0,0,0,0,0,0,0,0,0,0,0
-0.5,5,0,0,0,0,0,5,0,0,0,0,0,0,0,0,0,0,0,0,0,0
-0.45,7,0,0,0.47,0,0,7,0,0,0.47,0,0,0,0,0,0,0,0,0,0,0
-0.4,8,0,0,-0.95,0,0,8,0,0,-0.95,0,0,0,0,0,0,0,0,0,0,0
-0.35,9,0,0,0.47,0,0,9,0,0,0.47,0,0,0,0,0,0,0,0,0,0,0
-0.3,10,0,0,0,0,0,10,0,0,0,0,0,0,0,0,0,0,0,0,0,0
-0.25,6,0,0,0,0,0,6,0,0,0,0,0,0,0,0,0,0,0,0,0,0
-0.2,7,0,0,0,0,0,7,0,0,0,0,0,0,0,0,0,0,0,0,0,0
-0.15,8,0,0,-0.47,0,0,8,0,0,-0.47,0,0,0,0,0,0,0,0,0,0,0
-0.1,5,0,0,0,0,0,5,0,0,0,0,0,0,0,0,0,0,0,0,0,0
-0.05,8,0,0,0.47,0,0,8,0,0,0.47,0,0,0,0,0,0,0,0,0,0,0
0,5,100,0.5,14.68,0.7,0,1,20,0.1,4.07,0.2,0,0,0,0,0,0,0,0,0,0
0.05,10,100,8.4,269.91,14.2,0,2.8,36,1.8,57.24,3.1,0,0,0,0,0,0,0,0,0,0
0.1,12,40,8.4,269.91,27.7,1,4.64,36.8,3.1,99.77,8.1,0,0,0,0,0,0,0,0,0,0
0.15,12,0,8.4,271.33,41.3,3,6.11,29.44,4.2,134.09,14.8,1,0,0,0,0,0,0,0,0,0
0.2,2,-200,8.4,270.39,54.8,6,5.29,-16.45,5,161.35,22.8,2,0,0,0,0,0,0,0,0,0
0.25,5,60,8.5,274.17,68.5,9,5.23,-1.16,5.7,183.91,32,3,0,0,0,0,0,0,0,0,0
0.3,17,240,8.5,275.12,82.3,12,7.59,47.07,6.3,202.15,42.1,5,0,0,0,0,0,0,0,0,0
0.35,26,180,8.8,282.22,96.4,17,11.27,73.66,6.8,218.17,53,7,0,0,0,0,0,0,0,0,0
0.4,19,-140,8.9,285.06,110.6,22,12.81,30.93,7.2,231.55,64.6,10,0,0,0,0,0,0,0,0,0
0.45,26,140,9.1,291.69,125.2,28,15.45,52.74,7.6,243.58,76.8,14,0,0,0,0,0,0,0,0,0
0.5,27,20,9.1,292.64,139.9,35,17.76,46.19,7.9,253.39,89.5,18,0,0,0,0,0,0,0,0,0
0.55,33,120,9.1,294.54,154.6,42,20.81,60.95,8.1,261.62,102.5,23,0,0,0,0,0,0,0,0,0
0.6,95,1240,9.2,297.38,169.5,50,35.65,296.76,8.3,268.77,116,28,0,0,0,0,0,0,0,0,0
0.65,97,40,9.2,297.38,184.3,59,47.92,245.41,8.5,274.49,129.7,35,0,0,0,0,0,0,0,0,0
0.7,108,220,9.2,297.38,199.2,68,59.93,240.33,8.7,279.07,143.7,41,0,0,0,0,0,0,0,0,0
0.75,113,100,9.4,304.01,214.4,79,70.55,212.26,8.8,284.06,157.9,49,0,0,0,0,0,0,0,0,0
0.8,122,180,9.3,298.32,229.3,90,80.84,205.81,8.9,286.91,172.2,57,0,0,0,0,0,0,0,0,0
0.85,133,220,9.4,302.11,244.4,102,91.27,208.65,9,289.95,186.7,66,0,0,0,0,0,0,0,0,0
0.9,137,80,9.4,303.53,259.6,114,100.42,182.92,9.1,292.67,201.3,76,0,0,0,0,0,0,0,0,0
0.95,145,160,9.6,309.69,275.1,128,109.33,178.33,9.2,296.07,216.1,86,0,0,309,0,0,0,0,0,0
1,161,320,9.4,303.53,290.2,142,119.67,206.67,9.2,297.56,231,97,0,0,0,0,0,0,0,0,0
1.05,169,160,9.5,307.32,305.6,157,129.53,197.33,9.3,299.51,246,109,0,0,0,0,0,0,0,0,0
1.1,182,260,9.4,302.11,320.7,172,140.03,209.87,9.3,300.03,261,122,0,0,0,0,0,0,0,0,0
1.15,252,1400,9.4,302.11,335.8,189,162.42,447.89,9.3,300.45,276,135,0,0,0,0,0,0,0,0,0
1.2,268,320,9.3,300.22,350.8,206,183.54,422.32,9.3,300.4,291,150,0,0,0,0,0,0,0,0,0
1.25,281,260,9.3,300.22,365.8,224,203.03,389.85,9.3,300.37,306.1,165,0,0,0,0,0,0,0,0,0
1.3,297,320,9.3,297.85,380.7,243,221.82,375.88,9.3,299.86,321.1,180,0,0,0,0,0,0,0,0,0
1.35,306,180,9.4,301.16,395.8,262,238.66,336.71,9.3,300.12,336.1,197,0,0,0,0,0,0,0,0,0
1.4,319,260,9.3,299.74,410.8,282,254.73,321.36,9.3,300.05,351.1,214,319,0,0,0,0,0,0,0,0
1.45,334,300,9.2,296.9,425.6,303,270.58,317.09,9.3,299.42,366,232,0,0,0,0,0,0,0,0,0
1.5,348,280,9.2,296.9,440.5,325,286.07,309.67,9.3,298.92,381,250,0,0,0,0,0,0,0,0,0
1.55,421,1460,9.2,296.43,455.3,347,313.05,539.74,9.3,298.42,395.9,270,0,0,0,0,0,0,0,0,0
1.6,440,380,9.2,295.01,470,370,338.44,507.79,9.2,297.74,410.8,290,0,0,0,0,0,0,0,0,0
1.65,457,340,9.2,296.43,484.9,394,362.15,474.23,9.2,297.47,425.7,311,0,0,0,0,0,0,0,0,0
1.7,474,340,9.1,294.54,499.6,419,384.52,447.39,9.2,296.89,440.5,333,0,0,0,0,0,0,0,0,0
1.75,493,380,9,291.22,514.2,444,406.22,433.91,9.2,295.75,455.3,355,0,0,0,0,0,0,0,0,0
1.8,509,320,9,290.27,528.7,470,426.77,411.13,9.2,294.66,470,378,0,0,0,0,0,0,0,0,0
1.85,533,480,8.9,285.54,542.9,497,448.02,424.9,9.1,292.83,484.7,402,0,0,0,0,0,0,0,0,0
1.9,550,340,8.9,286.49,557.3,524,468.42,407.92,9.1,291.56,499.2,427,0,0,0,0,0,0,0,0,0
1.95,631,1620,8.8,284.59,571.5,553,500.93,650.34,9,290.17,513.8,452,0,0,0,0,0,0,0,0,0
2,652,420,8.8,284.12,585.7,582,531.15,604.27,9,288.96,528.2,478,0,0,0,0,0,0,0,0,0
2.05,675,460,8.6,278.44,599.6,611,559.92,575.42,8.9,286.85,542.5,505,0,0,0,0,0,0,0,0,0
2.1,699,480,8.5,274.65,613.4,642,587.73,556.33,8.8,284.41,556.8,532,0,0,0,0,0,0,0,0,0
2.15,726,540,8.5,273.23,627,673,615.39,553.07,8.8,282.18,570.9,560,0,0,0,0,0,0,0,0,0
2.2,747,420,8.3,268.02,640.4,704,641.71,526.45,8.7,279.34,584.8,589,0,0,0,0,0,0,0,0,0
2.25,771,480,8.1,262.34,653.5,737,667.57,517.16,8.6,275.94,598.6,619,0,0,0,0,0,0,0,0,0
2.3,798,540,8.2,262.81,666.7,770,693.65,521.73,8.5,273.32,612.3,649,0,0,0,0,0,0,0,0,0
2.35,827,580,7.9,255.23,679.4,803,720.32,533.38,8.4,269.7,625.8,680,0,0,0,0,0,0,0,0,0
2.4,855,560,7.7,248.6,691.9,838,747.26,538.71,8.2,265.48,639.1,712,0,0,0,0,0,0,0,0,0
2.45,943,1760,7.5,242.92,704,872,786.41,782.97,8.1,260.97,652.1,744,0,0,0,0,0,0,0,0,0
2.5,970,540,7.5,241.5,716.1,908,823.13,734.37,8,257.07,665,777,0,0,0,0,0,0,0,0,0
2.55,998,560,7.2,231.08,727.6,944,858.1,699.5,7.8,251.88,677.6,811,0,0,0,0,0,0,0,0,0
2.6,1027,580,6.9,222.09,738.8,981,891.88,675.6,7.6,245.92,689.9,845,0,0,0,0,0,0,0,0,0
2.65,1057,600,6.6,211.67,749.3,1018,924.9,660.48,7.4,239.07,701.8,879,0,0,0,0,0,0,0,0,0
2.7,1090,660,6.5,208.83,759.8,1056,957.92,660.38,7.2,233.02,713.5,915,0,0,0,0,0,0,0,0,0
2.75,1120,600,6.2,200.3,769.8,1094,990.34,648.31,7,226.48,724.8,951,0,0,0,0,0,0,0,0,0
2.8,1155,700,6,192.25,779.4,1133,1023.27,658.65,6.8,219.63,735.8,987,0,0,0,0,0,0,0,0,0
2.85,1185,600,5.8,186.57,788.7,1172,1055.62,646.92,6.6,213.02,746.4,1024,0,0,0,0,0,0,0,0,0
2.9,1220,700,5.6,181.84,797.8,1211,1088.49,657.53,6.4,206.78,756.8,1062,0,0,0,0,0,0,0,0,0
2.95,1254,680,5.6,181.84,806.9,1252,1121.59,662.03,6.3,201.79,766.8,1100,0,0,0,0,0,0,0,0,0
3,1294,800,5.2,166.68,815.3,1292,1156.08,689.62,6,194.77,776.6,1139,0,0,0,0,0,0,0,0,0
3.05,1320,520,2.4,78.61,819.2,1333,1188.86,655.7,5.3,171.54,785.2,1178,0,819,0,0,0,0,0,0,0
3.1,1346,520,0,0,819.2,1374,1220.29,628.56,4.3,137.23,792,1217,0,0,0,1346,0,0,0,0,0
3.15,1353,140,-1.9,-59.66,816.2,1415,1246.83,530.85,3,97.85,796.9,1257,0,0,0,0,0,0,0,0,0
3.2,1388,700,-2.6,-84.29,812,1456,1275.06,564.68,1.9,61.42,800,1297,0,0,0,0,0,0,0,0,0
3.25,1427,780,-2.9,-94.71,807.2,1496,1305.45,607.74,0.9,30.2,801.5,1337,0,0,0,0,0,0,0,0,0
3.3,1464,740,-3.1,-98.49,802.3,1536,1337.16,634.19,0.1,4.46,801.7,1377,0,0,0,0,0,0,0,0,0
3.35,1510,920,-3,-97.07,797.5,1576,1371.73,691.35,-0.5,-15.85,800.9,1417,0,0,0,0,0,0,0,0,0
3.4,1547,740,-3,-97.07,792.6,1616,1406.78,701.08,-1,-32.09,799.3,1457,0,0,0,0,0,0,0,0,0
3.45,1587,800,-3,-96.6,787.8,1656,1442.83,720.87,-1.4,-44.99,797.1,1497,0,0,0,0,0,0,0,0,0
3.5,1624,740,-2.9,-93.76,783.1,1695,1479.06,724.69,-1.7,-54.75,794.3,1537,0,0,0,0,0,0,0,0,0
3.55,1663,780,-2.9,-92.81,778.5,1734,1515.85,735.75,-1.9,-62.36,791.2,1576,0,0,0,0,0,0,0,0,0
3.6,1708,900,-3,-95.65,773.7,1773,1554.28,768.6,-2.1,-69.02,787.8,1616,0,0,0,0,0,0,0,0,0
3.65,1758,1000,-3,-95.65,768.9,1811,1595.02,814.88,-2.3,-74.35,784,1655,0,0,0,0,0,0,0,0,0
3.7,1794,720,-3,-97.55,764,1850,1634.82,795.91,-2.5,-78.99,780.1,1694,0,0,0,0,0,0,0,0,0
3.75,1825,620,-2.9,-91.86,759.4,1888,1672.85,760.73,-2.5,-81.56,776,1733,0,0,0,0,0,0,0,0,0
3.8,1871,920,-3,-97.55,754.5,1925,1712.48,792.58,-2.6,-84.76,771.8,1772,0,0,0,0,0,0,0,0,0
3.85,1895,480,-2.9,-91.86,750,1963,1748.99,730.06,-2.7,-86.18,767.5,1810,0,0,0,0,0,0,0,0,0
3.9,1927,640,-2.8,-90.92,745.4,2000,1784.59,712.05,-2.7,-87.13,763.1,1849,0,0,0,0,0,0,0,0,0
3.95,1967,800,-2.9,-94.71,740.7,2038,1821.07,729.64,-2.8,-88.64,758.7,1887,0,0,0,0,0,0,0,0,0
4,1995,560,-2.9,-92.34,736.1,2075,1855.86,695.71,-2.8,-89.38,754.2,1924,0,0,0,0,0,0,0,0,0
4.05,2032,740,-2.8,-91.39,731.5,2111,1891.09,704.57,-2.8,-89.78,749.7,1962,0,0,0,0,0,0,0,0,0
4.1,2070,760,-2.7,-87.6,727.1,2148,1926.87,715.66,-2.8,-89.35,745.3,1999,0,0,0,0,0,0,0,0,0
4.15,2102,640,-2.7,-86.18,722.8,2184,1961.89,700.52,-2.8,-88.71,740.8,2036,0,0,0,0,0,0,0,0,0
4.2,2136,680,-2.7,-88.08,718.4,2220,1996.72,696.42,-2.8,-88.59,736.4,2073,0,0,0,0,0,0,0,0,0
4.25,2169,660,-2.6,-85.24,714.1,2256,2031.17,689.14,-2.7,-87.92,732,2110,0,0,0,0,0,0,0,0,0
4.3,2204,700,-2.7,-87.13,709.8,2291,2065.74,691.31,-2.7,-87.76,727.6,2147,0,0,0,0,0,0,0,0,0
4.35,2232,560,-2.7,-86.66,705.4,2327,2098.99,665.05,-2.7,-87.54,723.2,2183,0,0,0,0,0,0,0,0,0
4.4,2265,660,-2.6,-85.24,701.2,2362,2132.19,664.04,-2.7,-87.08,718.9,2219,0,0,0,0,0,0,0,0,0
4.45,2305,800,-2.6,-83.81,697,2397,2166.75,691.23,-2.7,-86.43,714.6,2255,0,0,0,0,0,0,0,0,0
4.5,2331,520,-2.5,-81.92,692.9,2432,2199.6,656.98,-2.7,-85.52,710.3,2290,0,0,0,0,0,0,0,0,0
4.55,2361,600,-2.6,-82.87,688.7,2466,2231.88,645.59,-2.6,-84.99,706,2326,0,0,0,0,0,0,0,0,0
4.6,2398,740,-2.5,-81.92,684.7,2500,2265.11,664.47,-2.6,-84.38,701.8,2361,0,0,0,0,0,0,0,0,0
4.65,2430,640,-2.5,-79.55,680.7,2535,2298.08,659.58,-2.6,-83.41,697.6,2396,0,0,0,0,0,0,0,0,0
4.7,2459,580,-2.5,-79.08,676.7,2569,2330.27,643.66,-2.6,-82.55,693.5,2431,0,0,0,0,0,0,0,0,0
4.75,2488,580,-2.4,-77.19,672.9,2602,2361.81,630.93,-2.5,-81.47,689.4,2465,0,0,0,0,0,0,0,0,0
4.8,2522,680,-2.5,-80.97,668.8,2636,2393.85,640.74,-2.5,-81.37,685.4,2500,0,0,0,0,0,0,0,0,0
4.85,2555,660,-2.5,-80.03,664.8,2669,2426.08,644.59,-2.5,-81.1,681.3,2534,0,0,0,0,0,0,0,0,0
4.9,2580,500,-2.4,-76.71,661,2702,2456.86,615.67,-2.5,-80.23,677.3,2568,0,0,0,0,0,0,0,0,0
4.95,2614,680,-2.4,-76.24,657.2,2735,2488.29,628.54,-2.5,-79.43,673.3,2602,0,0,0,0,0,0,0,0,0
5,2644,600,-2.4,-77.66,653.3,2768,2519.43,622.83,-2.5,-79.07,669.4,2635,0,0,0,0,0,0,0,0,0
5.05,2673,580,-2.4,-76.24,649.5,2801,2550.15,614.27,-2.4,-78.51,665.5,2669,0,0,0,0,0,0,0,0,0
5.1,2762,1780,-2.4,-76.71,645.6,2833,2592.52,847.41,-2.4,-78.15,661.5,2702,0,0,0,0,0,0,0,0,0
5.15,2792,600,-2.4,-77.19,641.8,2865,2632.41,797.93,-2.4,-77.96,657.6,2735,0,0,0,0,0,0,0,0,0
5.2,2826,680,-2.3,-73.4,638.1,2897,2671.13,774.35,-2.4,-77.04,653.8,2767,0,0,0,0,0,0,0,0,0
5.25,2856,600,-2.2,-72.45,634.5,2929,2708.1,739.48,-2.4,-76.13,650,2800,0,0,0,0,0,0,0,0,0
5.3,2878,440,-2.3,-72.92,630.8,2961,2742.08,679.58,-2.3,-75.48,646.2,2832,0,0,0,0,0,0,0,0,0
5.35,2910,640,-2.2,-71.5,627.3,2992,2775.67,671.67,-2.3,-74.69,642.5,2865,0,0,0,0,0,0,0,0,0
5.4,2933,460,-2.2,-71.03,623.7,3023,2807.13,629.33,-2.3,-73.96,638.8,2897,0,0,0,0,0,0,0,0,0
5.45,2966,660,-2.2,-71.5,620.1,3054,2838.91,635.46,-2.3,-73.47,635.1,2929,0,0,0,0,0,0,0,0,0
5.5,2996,600,-2.1,-67.24,616.8,3085,2870.33,628.37,-2.2,-72.22,631.5,2960,0,0,0,0,0,0,0,0,0
5.55,3021,500,-2.2,-69.61,613.3,3116,2900.46,602.7,-2.2,-71.7,627.9,2992,0,0,0,0,0,0,0,0,0
5.6,3052,620,-2.2,-70.56,609.8,3147,2930.77,606.16,-2.2,-71.47,624.3,3023,0,0,0,0,0,0,0,0,0
5.65,3078,520,-2.2,-71.5,606.2,3177,2960.21,588.93,-2.2,-71.48,620.8,3054,0,0,0,0,0,0,0,0,0
5.7,3104,520,-2.2,-70.08,602.7,3207,2988.97,575.14,-2.2,-71.2,617.2,3085,0,0,0,0,0,0,0,0,0
5.75,3132,560,-2.2,-70.08,599.2,3237,3017.58,572.11,-2.2,-70.97,613.7,3116,0,0,0,0,0,0,0,0,0
5.8,3160,560,-2.1,-68.66,595.7,3267,3046.06,569.69,-2.2,-70.51,610.1,3146,0,0,0,0,0,0,0,0,0
5.85,3187,540,-2.1,-67.71,592.4,3297,3074.25,563.75,-2.2,-69.95,606.6,3177,0,0,0,0,0,0,0,0,0
5.9,3210,460,-2.1,-66.29,589,3326,3101.4,543,-2.1,-69.22,603.2,3207,0,0,0,0,0,0,0,0,0
5.95,3242,640,-2.1,-67.24,585.7,3356,3129.52,562.4,-2.1,-68.82,599.7,3237,0,0,0,0,0,0,0,0,0
6,3270,560,-2.1,-66.29,582.4,3385,3157.62,561.92,-2.1,-68.32,596.3,3267,0,0,0,0,0,0,0,0,0
6.05,3295,500,-2,-63.93,579.2,3414,3185.09,549.54,-2.1,-67.44,592.9,3297,0,0,0,0,0,0,0,0,0
6.1,3321,520,-2.1,-66.77,575.8,3443,3212.27,543.63,-2.1,-67.31,589.6,3326,0,0,0,0,0,0,0,0,0
6.15,3352,620,-2,-63.93,572.6,3472,3240.22,558.91,-2.1,-66.63,586.2,3356,0,0,0,0,0,0,0,0,0
6.2,3375,460,-2,-65.35,569.4,3500,3267.18,539.12,-2.1,-66.37,582.9,3385,0,0,0,0,0,0,0,0,0
6.25,3403,560,-2,-64.4,566.2,3529,3294.34,543.3,-2,-65.98,579.6,3414,0,0,0,0,0,0,0,0,0
6.3,3428,500,-2,-63.45,563,3557,3321.07,534.64,-2,-65.47,576.4,3443,0,0,0,0,0,0,0,0,0
6.35,3454,520,-1.9,-61.09,559.9,3585,3347.66,531.71,-2,-64.6,573.1,3472,0,0,0,0,0,0,0,0,0
6.4,3477,460,-2,-64.4,556.7,3613,3373.53,517.37,-2,-64.56,569.9,3500,0,0,0,0,0,0,0,0,0
6.45,3506,580,-1.9,-62.51,553.6,3641,3400.02,529.9,-2,-64.15,566.7,3529,0,0,0,0,0,0,0,0,0
6.5,3528,440,-1.9,-61.56,550.5,3668,3425.62,511.91,-2,-63.63,563.5,3557,0,0,0,0,0,0,0,0,0
6.55,3554,520,-2,-63.45,547.3,3696,3451.29,513.54,-2,-63.59,560.3,3585,0,0,0,0,0,0,0,0,0
6.6,3574,400,-1.9,-61.56,544.3,3723,3475.83,490.83,-2,-63.19,557.2,3613,0,0,0,0,0,0,0,0,0
6.65,3602,560,-1.9,-60.61,541.2,3750,3501.07,504.66,-1.9,-62.67,554,3641,0,0,0,0,0,0,0,0,0
6.7,3630,560,-1.9,-60.14,538.2,3777,3526.85,515.73,-1.9,-62.17,550.9,3668,0,0,0,0,0,0,0,0,0
6.75,3650,400,-1.8,-59.19,535.3,3804,3551.48,492.58,-1.9,-61.57,547.9,3696,0,0,0,0,0,0,0,0,0
6.8,3678,560,-1.9,-60.14,532.2,3831,3576.79,506.06,-1.9,-61.28,544.8,3723,0,0,0,0,0,0,0,0,0
6.85,3702,480,-1.8,-59.19,529.3,3857,3601.83,500.85,-1.9,-60.87,541.7,3750,0,0,0,0,0,0,0,0,0
6.9,3721,380,-1.8,-57.3,526.4,3883,3625.66,476.68,-1.9,-60.15,538.7,3777,0,0,0,0,0,0,0,0,0
6.95,3750,580,-1.8,-59.19,523.5,3910,3650.53,497.34,-1.9,-59.96,535.7,3804,0,0,0,0,0,0,0,0,0
7,3771,420,-1.8,-58.24,520.6,3936,3674.62,481.87,-1.9,-59.62,532.8,3831,0,0,0,0,0,0,0,0,0
7.05,3792,420,-1.8,-57.77,517.7,3962,3698.1,469.5,-1.8,-59.25,529.8,3858,0,0,0,0,0,0,0,0,0
7.1,3818,520,-1.8,-57.77,514.8,3988,3722.08,479.6,-1.8,-58.95,526.8,3884,0,0,0,0,0,0,0,0,0
7.15,3844,520,-1.8,-57.77,511.9,4013,3746.46,487.68,-1.8,-58.72,523.9,3910,0,0,0,0,0,0,0,0,0
7.2,3867,460,-1.8,-56.82,509,4039,3770.57,482.14,-1.8,-58.34,521,3936,0,0,0,0,0,0,0,0,0
7.25,3885,360,-1.7,-55.4,506.3,4064,3793.46,457.71,-1.8,-57.75,518.1,3962,0,0,0,0,0,0,0,0,0
7.3,3914,580,-1.8,-56.82,503.4,4089,3817.57,482.17,-1.8,-57.57,515.2,3988,0,0,0,0,0,0,0,0,0
7.35,3934,400,-1.7,-54.93,500.7,4115,3840.85,465.74,-1.8,-57.04,512.4,4014,0,0,0,0,0,0,0,0,0
7.4,3955,420,-1.7,-55.4,497.9,4139,3863.68,456.59,-1.8,-56.71,509.5,4039,0,0,0,0,0,0,0,0,0
7.45,3979,480,-1.7,-55.88,495.1,4164,3886.75,461.27,-1.8,-56.54,506.7,4065,0,0,0,0,0,0,0,0,0
7.5,4002,460,-1.7,-53.51,492.4,4189,3909.8,461.02,-1.7,-55.94,503.9,4090,0,0,0,0,0,0,0,0,0
7.55,4026,480,-1.7,-53.98,489.7,4214,3933.04,464.81,-1.7,-55.55,501.1,4115,0,0,0,0,0,0,0,0,0
7.6,4045,380,-1.6,-53.04,487.1,4238,3955.43,447.85,-1.7,-55.04,498.4,4140,0,0,0,0,0,0,0,0,0
7.65,4064,380,-1.6,-52.56,484.5,4262,3977.14,434.28,-1.7,-54.55,495.7,4165,0,0,0,0,0,0,0,0,0
7.7,4089,500,-1.7,-54.93,481.7,4286,3999.52,447.43,-1.7,-54.62,492.9,4190,0,0,0,0,0,0,0,0,0
7.75,4111,440,-1.7,-54.46,479,4310,4021.81,445.94,-1.7,-54.59,490.2,4214,0,0,0,0,0,0,0,0,0
7.8,4195,1680,-1.6,-52.09,476.4,4334,4056.45,692.75,-1.7,-54.09,487.5,4239,0,0,0,0,0,0,0,0,0
7.85,4217,440,-1.6,-52.56,473.8,4358,4088.56,642.2,-1.7,-53.78,484.8,4263,0,0,0,0,0,0,0,0,0
7.9,4241,480,-1.6,-52.09,471.2,4382,4119.05,609.76,-1.7,-53.45,482.1,4287,0,0,0,0,0,0,0,0,0
7.95,4260,380,-1.6,-52.56,468.5,4405,4147.24,563.81,-1.7,-53.27,479.5,4311,0,0,0,0,0,0,0,0,0
8,4283,460,-1.6,-51.14,466,4429,4174.39,543.05,-1.6,-52.84,476.8,4335,0,0,0,0,0,0,0,0,0
8.05,4304,420,-1.6,-51.61,463.4,4452,4200.31,518.44,-1.6,-52.6,474.2,4359,0,0,0,0,0,0,0,0,0
8.1,4323,380,-1.6,-51.14,460.8,4475,4224.85,490.75,-1.6,-52.31,471.6,4383,0,0,0,0,0,0,0,0,0
8.15,4345,440,-1.6,-50.67,458.3,4498,4248.88,480.6,-1.6,-51.98,469,4406,0,0,0,0,0,0,0,0,0
8.2,4364,380,-1.6,-51.14,455.7,4521,4271.9,460.48,-1.6,-51.81,466.4,4430,0,0,0,0,0,0,0,0,0
8.25,4388,480,-1.6,-51.14,453.2,4543,4295.12,464.38,-1.6,-51.68,463.8,4453,0,0,0,0,0,0,0,0,0
8.3,4403,300,-1.6,-51.14,450.6,4566,4316.7,431.5,-1.6,-51.57,461.2,4476,0,0,0,0,0,0,0,0,0
8.35,4425,440,-1.5,-49.72,448.1,4589,4338.36,433.2,-1.6,-51.2,458.7,4499,0,0,0,0,0,0,0,0,0
8.4,4446,420,-1.5,-49.72,445.7,4611,4359.89,430.57,-1.6,-50.9,456.1,4522,0,0,0,0,0,0,0,0,0
8.45,4467,420,-1.5,-48.3,443.2,4633,4381.31,428.46,-1.6,-50.38,453.6,4545,0,0,0,0,0,0,0,0,0
8.5,4487,400,-1.5,-49.25,440.8,4655,4402.45,422.76,-1.6,-50.16,451.1,4567,0,0,0,0,0,0,0,0,0
8.55,4506,380,-1.5,-47.83,438.4,4677,4423.16,414.21,-1.5,-49.69,448.6,4590,0,0,0,0,0,0,0,0,0
8.6,4523,340,-1.5,-49.25,435.9,4699,4443.13,399.37,-1.5,-49.6,446.1,4612,0,0,0,0,0,0,0,0,0
8.65,4547,480,-1.5,-47.35,433.6,4721,4463.9,415.5,-1.5,-49.15,443.7,4634,0,0,0,0,0,0,0,0,0
8.7,4565,360,-1.5,-47.83,431.2,4742,4484.12,404.39,-1.5,-48.89,441.2,4656,0,0,0,0,0,0,0,0,0
8.75,4589,480,-1.5,-48.3,428.8,4764,4505.1,419.51,-1.5,-48.77,438.8,4678,0,0,0,0,0,0,0,0,0
8.8,4605,320,-1.5,-47.83,426.4,4785,4525.08,399.61,-1.5,-48.58,436.4,4700,0,0,0,0,0,0,0,0,0
8.85,4624,380,-1.5,-46.88,424,4807,4544.86,395.69,-1.5,-48.24,434,4722,0,0,0,0,0,0,0,0,0
8.9,4646,440,-1.4,-46.41,421.7,4828,4565.09,404.55,-1.5,-47.87,431.6,4744,0,0,0,0,0,0,0,0,0
8.95,4663,340,-1.5,-46.88,419.4,4849,4584.67,391.64,-1.5,-47.67,429.2,4765,0,0,0,0,0,0,0,0,0
9,4684,420,-1.4,-45.93,417.1,4870,4604.54,397.31,-1.5,-47.33,426.8,4787,0,0,0,0,0,0,0,0,0
9.05,4701,340,-1.4,-45.93,414.8,4890,4623.83,385.85,-1.5,-47.05,424.5,4808,0,0,0,0,0,0,0,0,0
9.1,4717,320,-1.4,-45.93,412.5,4911,4642.46,372.69,-1.5,-46.82,422.1,4829,0,0,0,0,0,0,0,0,0
9.15,4737,400,-1.4,-44.99,410.2,4932,4661.37,378.14,-1.4,-46.46,419.8,4850,0,0,0,0,0,0,0,0,0
9.2,4756,380,-1.4,-46.41,407.9,4952,4680.3,378.52,-1.4,-46.45,417.5,4871,0,0,0,0,0,0,0,0,0
9.25,4770,280,-1.4,-45.93,405.6,4972,4698.24,358.81,-1.4,-46.34,415.2,4892,0,0,0,0,0,0,0,0,0
9.3,4792,440,-1.4,-45.46,403.3,4993,4716.99,375.05,-1.4,-46.17,412.8,4912,0,0,0,0,0,0,0,0,0
9.35,4808,320,-1.4,-45.46,401.1,5013,4735.19,364.04,-1.4,-46.03,410.5,4933,0,0,0,0,0,0,0,0,0
9.4,4830,440,-1.4,-45.46,398.8,5033,4754.15,379.23,-1.4,-45.91,408.2,4954,0,0,0,0,0,0,0,0,0
9.45,4841,220,-1.4,-44.99,396.5,5053,4771.52,347.38,-1.4,-45.73,406,4974,0,0,0,0,0,0,0,0,0
9.5,4868,540,-1.4,-44.04,394.3,5072,4790.82,385.91,-1.4,-45.39,403.7,4994,0,0,0,0,0,0,0,0,0
9.55,4882,280,-1.4,-43.56,392.2,5092,4809.05,364.73,-1.4,-45.02,401.4,5014,0,0,0,0,0,0,0,0,0
9.6,4900,360,-1.4,-44.04,390,5112,4827.24,363.78,-1.4,-44.83,399.2,5034,0,0,0,0,0,0,0,0,0
9.65,4918,360,-1.3,-43.09,387.8,5131,4845.39,363.03,-1.4,-44.48,397,5054,0,0,0,0,0,0,0,0,0
9.7,4934,320,-1.4,-44.04,385.6,5150,4863.12,354.42,-1.4,-44.39,394.8,5074,0,0,0,0,0,0,0,0,0
9.75,4952,360,-1.4,-44.04,383.4,5170,4880.89,355.54,-1.4,-44.32,392.5,5094,0,0,0,0,0,0,0,0,0
9.8,4968,320,-1.3,-42.62,381.3,5189,4898.31,348.43,-1.4,-43.98,390.3,5113,0,0,0,0,0,0,0,0,0
9.85,4989,420,-1.3,-43.09,379.1,5208,4916.45,362.74,-1.4,-43.8,388.2,5133,0,0,0,0,0,0,0,0,0
9.9,5003,280,-1.3,-42.62,377,5227,4933.76,346.19,-1.4,-43.57,386,5152,0,0,0,0,0,0,0,0,0
9.95,5019,320,-1.3,-43.09,374.8,5245,4950.81,340.96,-1.4,-43.47,383.8,5171,0,0,0,0,0,0,0,0,0
10,5037,360,-1.3,-42.14,372.7,5264,4968.05,344.77,-1.3,-43.21,381.6,5190,0,0,0,0,0,0,0,0,0
10.05,5056,380,-1.4,-43.56,370.5,5283,4985.64,351.82,-1.3,-43.28,379.5,5209,0,0,0,0,0,0,0,0,0
10.1,5074,360,-1.3,-41.67,368.5,5301,5003.31,353.45,-1.3,-42.96,377.3,5228,0,0,0,0,0,0,0,0,0
10.15,5092,360,-1.3,-40.25,366.4,5320,5021.05,354.76,-1.3,-42.41,375.2,5247,0,0,0,0,0,0,0,0,0
10.2,5106,280,-1.3,-41.67,364.4,5338,5038.04,339.8,-1.3,-42.27,373.1,5266,0,0,0,0,0,0,0,0,0
10.25,5122,320,-1.3,-41.67,362.3,5356,5054.83,335.85,-1.3,-42.15,371,5285,0,0,0,0,0,0,0,0,0
10.3,5139,340,-1.3,-41.2,360.2,5374,5071.66,336.68,-1.3,-41.96,368.9,5303,0,0,0,0,0,0,0,0,0
10.35,5154,300,-1.3,-41.67,358.1,5392,5088.13,329.35,-1.3,-41.9,366.8,5321,0,0,0,0,0,0,0,0,0
10.4,5170,320,-1.3,-40.72,356.1,5410,5104.51,327.47,-1.3,-41.66,364.7,5340,0,0,0,0,0,0,0,0,0
10.45,5187,340,-1.3,-40.25,354.1,5428,5121,329.98,-1.3,-41.38,362.6,5358,0,0,0,0,0,0,0,0,0
10.5,5199,240,-1.3,-40.25,352.1,5445,5136.6,311.98,-1.3,-41.16,360.6,5376,0,0,0,0,0,0,0,0,0
10.55,5217,360,-1.3,-40.25,350.1,5463,5152.68,321.58,-1.3,-40.97,358.5,5394,0,0,0,0,0,0,0,0,0
10.6,5233,320,-1.3,-40.72,348,5480,5168.75,321.27,-1.3,-40.92,356.5,5412,0,0,0,0,0,0,0,0,0
10.65,5244,220,-1.3,-40.72,346,5498,5183.8,301.02,-1.3,-40.88,354.4,5430,0,0,0,0,0,0,0,0,0
10.7,5261,340,-1.3,-40.25,344,5515,5199.24,308.81,-1.3,-40.76,352.4,5447,0,0,0,0,0,0,0,0,0
10.75,5275,280,-1.3,-40.72,341.9,5532,5214.39,303.05,-1.3,-40.75,350.4,5465,0,0,0,0,0,0,0,0,0
10.8,5292,340,-1.3,-40.72,339.9,5549,5229.91,310.44,-1.3,-40.75,348.3,5482,0,0,0,0,0,0,0,0,0
10.85,5308,320,-1.2,-38.83,338,5566,5245.53,312.35,-1.3,-40.36,346.3,5500,0,0,0,0,0,0,0,0,0
10.9,5323,300,-1.3,-40.25,335.9,5583,5261.02,309.88,-1.3,-40.34,344.3,5517,0,0,0,0,0,0,0,0,0
10.95,5338,300,-1.2,-39.78,334,5600,5276.42,307.91,-1.2,-40.23,342.3,5534,0,0,0,0,0,0,0,0,0
11,5353,300,-1.2,-39.3,332,5616,5291.74,306.33,-1.2,-40.04,340.3,5551,0,0,0,0,0,0,0,0,0
11.05,5369,320,-1.2,-38.83,330,5633,5307.19,309.06,-1.2,-39.8,338.3,5568,0,0,0,0,0,0,0,0,0
11.1,5385,320,-1.2,-37.88,328.2,5649,5322.75,311.25,-1.2,-39.42,336.3,5585,0,0,0,0,0,0,0,0,0
11.15,5397,240,-1.3,-40.25,326.1,5666,5337.6,296.99,-1.2,-39.58,334.3,5602,0,0,0,0,0,0,0,0,0
11.2,5411,280,-1.2,-39.3,324.2,5682,5352.28,293.59,-1.2,-39.53,332.4,5618,0,0,0,0,0,0,0,0,0
11.25,5427,320,-1.2,-38.36,322.3,5698,5367.22,298.88,-1.2,-39.29,330.4,5635,0,0,0,0,0,0,0,0,0
11.3,5442,300,-1.2,-38.36,320.3,5714,5382.18,299.1,-1.2,-39.11,328.4,5651,0,0,0,0,0,0,0,0,0
11.35,5454,240,-1.2,-37.88,318.4,5730,5396.54,287.29,-1.2,-38.86,326.5,5668,0,0,0,0,0,0,0,0,0
11.4,5470,320,-1.2,-38.36,316.5,5746,5411.23,293.83,-1.2,-38.76,324.6,5684,0,0,0,0,0,0,0,0,0
11.45,5485,300,-1.2,-37.41,314.7,5762,5425.99,295.06,-1.2,-38.49,322.6,5700,0,0,0,0,0,0,0,0,0
11.5,5493,160,-1.1,-36.94,312.8,5777,5439.39,268.05,-1.2,-38.18,320.7,5716,0,0,0,0,0,0,0,0,0
11.55,5513,400,-1.2,-37.88,310.9,5793,5454.11,294.44,-1.2,-38.12,318.8,5732,0,0,0,0,0,0,0,0,0
11.6,5523,200,-1.2,-37.88,309,5809,5467.89,275.55,-1.2,-38.07,316.9,5748,0,0,0,0,0,0,0,0,0
11.65,5536,260,-1.2,-37.88,307.1,5824,5481.51,272.44,-1.2,-38.03,315,5764,0,0,0,0,0,0,0,0,0
11.7,5555,380,-1.2,-37.88,305.2,5839,5496.21,293.96,-1.2,-38,313.1,5780,0,0,0,0,0,0,0,0,0
11.75,5565,200,-1.1,-36.94,303.4,5854,5509.97,275.17,-1.2,-37.79,311.2,5795,0,0,0,0,0,0,0,0,0
11.8,5580,300,-1.2,-37.41,301.5,5870,5523.97,280.13,-1.2,-37.71,309.3,5811,0,0,0,0,0,0,0,0,0
11.85,5593,260,-1.1,-36.94,299.7,5885,5537.78,276.1,-1.2,-37.56,307.5,5826,0,0,0,0,0,0,0,0,0
11.9,5604,220,-1.2,-37.41,297.8,5900,5551.02,264.88,-1.2,-37.53,305.6,5842,0,0,0,0,0,0,0,0,0
11.95,5616,240,-1.1,-35.99,296,5914,5564.02,259.9,-1.2,-37.22,303.7,5857,0,0,0,0,0,0,0,0,0
12,5633,340,-1.1,-36.46,294.2,5929,5577.81,275.93,-1.2,-37.07,301.9,5872,0,0,0,0,0,0,0,0,0
12.05,5645,240,-1.1,-36.46,292.4,5944,5591.25,268.74,-1.1,-36.95,300,5887,0,0,0,0,0,0,0,0,0
12.1,5657,240,-1.1,-35.51,290.6,5958,5604.4,262.99,-1.1,-36.66,298.2,5902,0,0,0,0,0,0,0,0,0
12.15,5734,1540,-1.2,-37.41,288.7,5973,5630.32,518.4,-1.1,-36.81,296.4,5917,0,0,0,0,0,0,0,0,0
12.2,5746,240,-1.1,-35.99,286.9,5987,5653.46,462.71,-1.1,-36.65,294.5,5932,0,0,0,0,0,0,0,0,0
12.25,5699,-940,-1.1,-36.94,285.1,6002,5662.57,182.17,-1.1,-36.7,292.7,5946,0,0,0,0,0,0,0,0,0
12.3,5773,1480,-1.1,-35.99,283.3,6016,5684.65,441.74,-1.1,-36.56,290.9,5961,0,0,0,0,0,0,0,0,0
12.35,5787,280,-1.1,-36.46,281.4,6030,5705.12,409.39,-1.1,-36.54,289,5975,0,0,0,0,0,0,0,0,0
12.4,5798,220,-1.1,-35.51,279.7,6044,5723.7,371.51,-1.1,-36.34,287.2,5990,0,0,0,0,0,0,0,0,0
12.45,5811,260,-1.1,-35.04,277.9,6058,5741.16,349.21,-1.1,-36.08,285.4,6004,0,0,0,0,0,0,0,0,0
12.5,5824,260,-1.1,-35.51,276.1,6072,5757.73,331.37,-1.1,-35.96,283.6,6018,0,0,0,0,0,0,0,0,0
12.55,5835,220,-1.1,-35.04,274.4,6085,5773.18,309.09,-1.1,-35.78,281.8,6032,0,0,0,0,0,0,0,0,0
12.6,5848,260,-1.1,-35.51,272.6,6099,5788.15,299.28,-1.1,-35.73,280,6047,0,0,0,0,0,0,0,0,0
12.65,5859,220,-1.1,-35.51,270.8,6113,5802.32,283.42,-1.1,-35.68,278.3,6060,0,0,0,0,0,0,0,0,0
12.7,5872,260,-1.1,-35.51,269.1,6126,5816.25,278.74,-1.1,-35.65,276.5,6074,0,0,0,0,0,0,0,0,0
12.75,5883,220,-1.1,-35.04,267.3,6140,5829.6,266.99,-1.1,-35.53,274.7,6088,0,0,0,0,0,0,0,0,0
12.8,5895,240,-1.1,-34.09,265.6,6153,5842.68,261.59,-1.1,-35.24,272.9,6102,0,0,0,0,0,0,0,0,0
12.85,5907,240,-1.1,-35.04,263.9,6166,5855.55,257.28,-1.1,-35.2,271.2,6115,0,0,0,0,0,0,0,0,0
12.9,5919,240,-1.1,-34.57,262.1,6179,5868.24,253.82,-1.1,-35.07,269.4,6129,0,0,0,0,0,0,0,0,0
12.95,5932,260,-1.1,-34.57,260.4,6192,5880.99,255.05,-1.1,-34.97,267.7,6142,0,0,0,0,0,0,0,0,0
13,5943,220,-1.1,-34.57,258.7,6205,5893.39,248.05,-1.1,-34.89,265.9,6156,0,0,0,0,0,0,0,0,0
13.05,5952,180,-1.1,-34.57,256.9,6218,5905.11,234.43,-1.1,-34.83,264.2,6169,0,0,0,0,0,0,0,0,0
13.1,5962,200,-1.1,-34.57,255.2,6231,5916.49,227.55,-1.1,-34.78,262.4,6182,0,0,0,0,0,0,0,0,0
13.15,5969,140,-1.1,-34.57,253.5,6244,5926.99,210.04,-1.1,-34.73,260.7,6195,0,0,0,0,0,0,0,0,0
13.2,5984,300,-1,-33.62,251.8,6256,5938.39,228.03,-1.1,-34.51,259,6208,0,0,0,0,0,0,0,0,0
13.25,5996,240,-1.1,-34.09,250.1,6269,5949.92,230.42,-1.1,-34.43,257.3,6221,0,0,0,0,0,0,0,0,0
13.3,6005,180,-1.1,-34.09,248.4,6281,5960.93,220.34,-1.1,-34.36,255.5,6234,0,0,0,0,0,0,0,0,0
13.35,6018,260,-1.1,-34.09,246.7,6294,5972.35,228.27,-1.1,-34.31,253.8,6247,0,0,0,0,0,0,0,0,0
13.4,6026,160,-1,-33.15,245,6306,5983.08,214.62,-1.1,-34.08,252.1,6259,0,0,0,0,0,0,0,0,0
13.45,6039,260,-1,-33.62,243.3,6318,5994.26,223.69,-1.1,-33.98,250.4,6272,0,0,0,0,0,0,0,0,0
13.5,6047,160,-1,-33.62,241.7,6330,6004.81,210.96,-1.1,-33.91,248.7,6284,0,0,0,0,0,0,0,0,0
13.55,6059,240,-1,-32.67,240,6342,6015.65,216.77,-1,-33.66,247,6297,0,0,0,0,0,0,0,0,0
13.6,6065,120,-1,-33.15,238.4,6354,6025.52,197.41,-1,-33.56,245.4,6309,0,0,0,0,0,0,0,0,0
13.65,6078,260,-1,-33.15,236.7,6366,6036.01,209.93,-1,-33.48,243.7,6321,0,0,0,0,0,0,0,0,0
13.7,6089,220,-1,-32.67,235.1,6378,6046.61,211.94,-1,-33.32,242,6333,0,0,0,0,0,0,0,0,0
13.75,6098,180,-1,-33.62,233.4,6390,6056.89,205.56,-1,-33.38,240.4,6345,0,0,0,0,0,0,0,0,0
13.8,6108,200,-1,-33.15,231.7,6401,6067.11,204.44,-1,-33.33,238.7,6357,0,0,0,0,0,0,0,0,0
13.85,6117,180,-1,-33.15,230.1,6413,6077.09,199.55,-1,-33.29,237,6369,0,0,0,0,0,0,0,0,0
13.9,6129,240,-1,-33.15,228.4,6424,6087.47,207.65,-1,-33.27,235.4,6381,0,0,0,0,0,0,0,0,0
13.95,6138,180,-1,-32.2,226.8,6436,6097.58,202.11,-1,-33.05,233.7,6393,0,0,0,0,0,0,0,0,0
14,6146,160,-1,-32.2,225.2,6447,6107.26,193.69,-1,-32.88,232.1,6405,0,0,0,0,0,0,0,0,0
14.05,6157,220,-1,-32.2,223.6,6458,6117.21,198.96,-1,-32.75,230.4,6416,0,0,0,0,0,0,0,0,0
14.1,6166,180,-1,-31.73,222,6469,6126.97,195.17,-1,-32.54,228.8,6428,0,0,0,0,0,0,0,0,0
14.15,6175,180,-1,-32.2,220.4,6481,6136.57,192.13,-1,-32.47,227.2,6439,0,0,0,0,0,0,0,0,0
14.2,6184,180,-1,-32.67,218.8,6492,6146.06,189.71,-1,-32.51,225.6,6450,0,0,0,0,0,0,0,0,0
14.25,6196,240,-1,-31.73,217.2,6502,6156.05,199.77,-1,-32.36,223.9,6462,0,0,0,0,0,0,0,0,0
14.3,6202,120,-1,-32.2,215.6,6513,6165.24,183.81,-1,-32.32,222.3,6473,0,0,0,0,0,0,0,0,0
14.35,6211,180,-1,-31.25,214,6524,6174.39,183.05,-1,-32.11,220.7,6484,0,0,0,0,0,0,0,0,0
14.4,6218,140,-1,-32.67,212.4,6535,6183.11,174.43,-1,-32.22,219.1,6495,0,0,0,0,0,0,0,0,0
14.45,6230,240,-1,-31.73,210.8,6545,6192.49,187.55,-1,-32.12,217.5,6506,0,0,0,0,0,0,0,0,0
14.5,6238,160,-1,-31.73,209.2,6556,6201.59,182.04,-1,-32.04,215.9,6517,0,0,0,0,0,0,0,0,0
14.55,6248,200,-1,-31.73,207.6,6566,6210.87,185.63,-1,-31.98,214.3,6527,0,0,0,0,0,0,0,0,0
14.6,6254,120,-1,-32.2,206,6576,6219.5,172.51,-1,-32.02,212.7,6538,0,0,0,0,0,0,0,0,0
14.65,6263,180,-1,-31.25,204.4,6587,6228.2,174,-1,-31.87,211.1,6549,0,0,0,0,0,0,0,0,0
14.7,6274,220,-1,-31.25,202.9,6597,6237.36,183.2,-1,-31.75,209.5,6559,0,0,0,0,0,0,0,0,0
14.75,6279,100,-1,-31.25,201.3,6607,6245.69,166.56,-1,-31.65,207.9,6569,0,0,0,0,0,0,0,0,0
14.8,6291,240,-1,-30.78,199.8,6617,6254.75,181.25,-1,-31.47,206.4,6580,0,0,0,0,0,0,0,0,0
14.85,6299,160,-1,-31.73,198.2,6627,6263.6,177,-1,-31.52,204.8,6590,0,0,0,0,0,0,0,0,0
14.9,6309,200,-1,-31.25,196.6,6637,6272.68,181.6,-1,-31.47,203.2,6600,0,0,0,0,0,0,0,0,0
14.95,6316,140,-1,-31.73,195,6647,6281.34,173.28,-1,-31.52,201.6,6610,0,0,0,0,0,0,0,0,0
15,6324,160,-1,-31.25,193.5,6656,6289.88,170.62,-1,-31.47,200.1,6620,0,0,0,0,0,0,0,0,0
15.05,6334,200,-1,-31.25,191.9,6666,6298.7,176.49,-1,-31.42,198.5,6630,0,0,0,0,0,0,0,0,0
15.1,6341,140,-1,-31.25,190.4,6676,6307.16,169.2,-1,-31.39,196.9,6640,0,0,0,0,0,0,0,0,0
15.15,6351,200,-1,-31.25,188.8,6685,6315.93,175.36,-1,-31.36,195.4,6650,0,0,0,0,0,0,0,0,0
15.2,6356,100,-0.9,-30.31,187.3,6694,6323.94,160.28,-1,-31.15,193.8,6660,0,0,0,0,0,0,0,0,0
15.25,6366,200,-1,-31.25,185.7,6704,6332.35,168.23,-1,-31.17,192.2,6670,0,0,0,0,0,0,0,0,0
15.3,6373,140,-1,-30.78,184.2,6713,6340.48,162.59,-1,-31.09,190.7,6679,0,0,0,0,0,0,0,0,0
15.35,6382,180,-0.9,-30.31,182.7,6722,6348.79,166.06,-1,-30.94,189.1,6689,0,0,0,0,0,0,0,0,0
15.4,6390,160,-0.9,-30.31,181.1,6731,6357.03,164.85,-1,-30.81,187.6,6698,0,0,0,0,0,0,0,0,0
15.45,6396,120,-1,-31.25,179.6,6740,6364.82,155.88,-1,-30.9,186.1,6707,0,0,0,0,0,0,0,0,0
15.5,6402,120,-1,-30.78,178,6749,6372.26,148.71,-1,-30.87,184.5,6717,0,0,0,0,0,0,0,0,0
15.55,6412,200,-1,-30.78,176.5,6758,6380.21,158.96,-1,-30.86,183,6726,0,0,0,0,0,0,0,0,0
15.6,6418,120,-1,-30.78,175,6767,6387.77,151.17,-1,-30.84,181.4,6735,0,0,0,0,0,0,0,0,0
15.65,6428,200,-1,-30.78,173.4,6776,6395.81,160.94,-1,-30.83,179.9,6744,0,0,0,0,0,0,0,0,0
15.7,6436,160,-0.9,-30.31,171.9,6784,6403.85,160.75,-1,-30.72,178.3,6753,0,0,0,0,0,0,0,0,0
15.75,6441,100,-1,-31.25,170.4,6793,6411.28,148.6,-1,-30.83,176.8,6762,0,0,0,0,0,0,0,0,0
15.8,6450,180,-0.9,-30.31,168.8,6801,6419.02,154.88,-1,-30.72,175.3,6771,0,0,0,0,0,0,0,0,0
15.85,6456,120,-0.9,-30.31,167.3,6810,6426.42,147.9,-1,-30.64,173.7,6779,0,0,0,0,0,0,0,0,0
15.9,6460,80,-0.9,-30.31,165.8,6818,6433.14,134.33,-0.9,-30.57,172.2,6788,0,0,0,0,0,0,0,0,0
15.95,6471,220,-0.9,-30.31,164.3,6826,6440.71,151.46,-0.9,-30.52,170.7,6797,0,0,0,0,0,0,0,0,0
16,6478,140,-0.9,-29.83,162.8,6834,6448.17,149.17,-0.9,-30.38,169.2,6805,0,0,0,0,0,0,0,0,0
16.05,6480,40,-0.9,-30.31,161.3,6843,6454.53,127.33,-0.9,-30.37,167.6,6813,0,0,0,0,0,0,0,0,0
16.1,6491,220,-1,-30.78,159.7,6851,6461.83,145.87,-0.9,-30.45,166.1,6822,0,0,0,0,0,0,0,0,0
16.15,6494,60,-0.9,-29.83,158.3,6859,6468.26,128.69,-0.9,-30.33,164.6,6830,0,0,0,0,0,0,0,0,0
16.2,6502,160,-0.9,-30.31,156.7,6866,6475.01,134.95,-0.9,-30.32,163.1,6838,0,0,0,0,0,0,0,0,0
16.25,6507,100,-0.9,-29.83,155.2,6874,6481.41,127.96,-0.9,-30.22,161.6,6846,0,0,0,0,0,0,0,0,0
16.3,6514,140,-0.9,-29.36,153.8,6882,6487.93,130.37,-0.9,-30.05,160.1,6854,0,0,0,0,0,0,0,0,0
16.35,6521,140,-0.9,-29.36,152.3,6890,6494.54,132.29,-0.9,-29.91,158.6,6862,0,0,0,0,0,0,0,0,0
16.4,6526,100,-0.9,-29.83,150.8,6897,6500.83,125.84,-0.9,-29.9,157.1,6870,0,0,0,0,0,0,0,0,0
16.45,6531,100,-0.9,-29.83,149.3,6905,6506.87,120.67,-0.9,-29.88,155.6,6878,0,0,0,0,0,0,0,0,0
16.5,6539,160,-0.9,-30.31,147.8,6912,6513.29,128.54,-0.9,-29.97,154.1,6886,0,0,0,0,0,0,0,0,0
16.55,6544,100,-0.9,-29.83,146.3,6919,6519.43,122.83,-0.9,-29.94,152.6,6893,0,0,0,0,0,0,0,0,0
16.6,6548,80,-0.9,-28.89,144.9,6927,6525.15,114.26,-0.9,-29.73,151.1,6901,0,0,0,0,0,0,0,0,0
16.65,6555,140,-0.9,-29.83,143.4,6934,6531.12,119.41,-0.9,-29.75,149.6,6909,0,0,0,0,0,0,0,0,0
16.7,6561,120,-0.9,-28.89,141.9,6941,6537.09,119.53,-0.9,-29.58,148.1,6916,0,0,0,0,0,0,0,0,0
16.75,6566,100,-0.9,-29.36,140.5,6948,6542.88,115.62,-0.9,-29.53,146.7,6923,0,0,0,0,0,0,0,0,0
16.8,6573,140,-0.9,-29.36,139,6955,6548.9,120.5,-0.9,-29.5,145.2,6931,0,0,0,0,0,0,0,0,0
16.85,6576,60,-0.9,-29.36,137.5,6962,6554.32,108.4,-0.9,-29.47,143.7,6938,0,0,0,0,0,0,0,0,0
16.9,6582,120,-0.9,-29.83,136,6969,6559.86,110.71,-0.9,-29.54,142.2,6945,0,0,0,0,0,0,0,0,0
16.95,6586,80,-0.9,-29.83,134.6,6976,6565.08,104.57,-0.9,-29.6,140.8,6952,0,0,0,0,0,0,0,0,0
17,6595,180,-0.9,-29.36,133.1,6982,6571.07,119.66,-0.9,-29.55,139.3,6959,0,0,0,0,0,0,0,0,0
17.05,6601,120,-0.9,-28.41,131.7,6989,6577.05,119.73,-0.9,-29.32,137.8,6966,0,0,0,0,0,0,0,0,0
17.1,6604,60,-0.9,-29.36,130.2,6995,6582.44,107.78,-0.9,-29.33,136.3,6973,0,0,0,0,0,0,0,0,0
17.15,6609,100,-0.9,-29.36,128.7,7002,6587.75,106.23,-0.9,-29.34,134.9,6980,0,0,0,0,0,0,0,0,0
17.2,6618,180,-0.9,-29.83,127.2,7008,6593.8,120.98,-0.9,-29.44,133.4,6986,0,0,0,0,0,0,0,0,0
17.25,6623,100,-0.9,-29.36,125.8,7015,6599.64,116.79,-0.9,-29.42,131.9,6993,0,0,0,0,0,0,0,0,0
17.3,6624,20,-0.9,-29.36,124.3,7021,6604.51,97.43,-0.9,-29.41,130.5,7000,0,0,0,0,0,0,0,0,0
17.35,6631,140,-0.9,-29.36,122.8,7027,6609.81,105.94,-0.9,-29.4,129,7006,0,0,0,0,0,0,0,0,0
17.4,6638,140,-0.9,-29.36,121.4,7033,6615.45,112.75,-0.9,-29.39,127.5,7013,0,0,0,0,0,0,0,0,0
17.45,6641,60,-0.9,-29.83,119.9,7039,6620.56,102.21,-0.9,-29.48,126.1,7019,0,0,0,0,0,0,0,0,0
17.5,6584,-1140,-0.9,-28.89,118.4,7045,6613.25,-146.24,-0.9,-29.36,124.6,7025,0,0,0,0,0,0,0,0,0
17.55,6590,120,-0.9,-29.36,117,7051,6608.6,-92.99,-0.9,-29.36,123.1,7031,0,0,0,0,0,0,0,0,0
17.6,6596,120,-0.9,-28.89,115.5,7057,6606.08,-50.39,-0.9,-29.26,121.7,7037,0,0,0,0,0,0,0,0,0
17.65,6599,60,-0.9,-28.89,114.1,7063,6604.66,-28.31,-0.9,-29.19,120.2,7043,0,0,0,0,0,0,0,0,0
17.7,6605,120,-0.9,-29.36,112.6,7068,6604.73,1.35,-0.9,-29.22,118.7,7049,0,0,0,0,0,0,0,0,0
17.75,6610,100,-0.9,-28.41,111.2,7074,6605.78,21.07,-0.9,-29.06,117.3,7055,0,0,0,0,0,0,0,0,0
17.8,6616,120,-0.9,-28.89,109.7,7079,6607.83,40.86,-0.9,-29.03,115.8,7061,0,0,0,0,0,0,0,0,0
17.85,6617,20,-0.9,-28.41,108.3,7085,6609.66,36.69,-0.9,-28.9,114.4,7067,0,0,0,0,0,0,0,0,0
17.9,6623,120,-0.9,-28.89,106.9,7090,6612.33,53.35,-0.9,-28.9,112.9,7073,0,0,0,0,0,0,0,0,0
17.95,6628,100,-0.9,-29.36,105.4,7096,6615.46,62.69,-0.9,-28.99,111.5,7078,0,0,0,0,0,0,0,0,0
18,6635,140,-0.9,-29.83,103.9,7101,6619.37,78.14,-0.9,-29.16,110,7084,0,0,0,0,0,0,0,0,0
18.05,6639,80,-0.9,-28.89,102.5,7106,6623.3,78.52,-0.9,-29.1,108.6,7089,0,0,0,0,0,0,0,0,0
18.1,6644,100,-0.9,-28.89,101,7111,6627.44,82.81,-0.9,-29.06,107.1,7095,0,0,0,0,0,0,0,0,0
18.15,6650,120,-0.9,-29.36,99.6,7116,6631.95,90.25,-0.9,-29.12,105.7,7100,0,0,0,0,0,0,0,0,0
18.2,6652,40,-0.9,-28.89,98.1,7121,6635.96,80.21,-0.9,-29.07,104.2,7105,0,0,0,0,0,0,0,0,0
18.25,6658,120,-0.9,-28.89,96.7,7126,6640.37,88.16,-0.9,-29.04,102.8,7110,0,0,0,0,0,0,0,0,0
18.3,6660,40,-0.9,-29.36,95.2,7131,6644.29,78.53,-0.9,-29.1,101.3,7115,0,0,0,0,0,0,0,0,0
18.35,6665,100,-0.9,-28.41,93.8,7135,6648.44,82.82,-0.9,-28.96,99.9,7121,0,0,0,0,0,0,0,0,0
18.4,6665,0,-0.9,-28.41,92.4,7140,6651.75,66.26,-0.9,-28.85,98.4,7125,0,0,0,0,0,0,0,0,0
18.45,6669,80,-0.9,-28.89,90.9,7145,6655.2,69,-0.9,-28.86,97,7130,0,0,0,0,0,0,0,0,0
18.5,6675,120,-0.9,-28.89,89.5,7149,6659.16,79.21,-0.9,-28.86,95.5,7135,0,0,0,0,0,0,0,0,0
18.55,6677,40,-0.9,-29.36,88,7154,6662.73,71.37,-0.9,-28.96,94.1,7140,0,0,0,0,0,0,0,0,0
18.6,6681,80,-0.9,-28.89,86.6,7158,6666.38,73.09,-0.9,-28.95,92.6,7145,0,0,0,0,0,0,0,0,0
18.65,6684,60,-0.9,-29.83,85.1,7162,6669.91,70.47,-0.9,-29.12,91.2,7149,0,0,0,0,0,0,0,0,0
18.7,6687,60,-0.9,-28.41,83.6,7166,6673.32,68.38,-0.9,-28.98,89.7,7154,0,0,0,0,0,0,0,0,0
18.75,6690,60,-0.9,-28.89,82.2,7171,6676.66,66.7,-0.9,-28.96,88.3,7158,0,0,0,0,0,0,0,0,0
18.8,6693,60,-0.9,-29.36,80.7,7175,6679.93,65.36,-0.9,-29.04,86.8,7163,0,0,0,0,0,0,0,0,0
18.85,6694,20,-0.9,-28.41,79.3,7179,6682.74,56.29,-0.9,-28.92,85.4,7167,0,0,0,0,0,0,0,0,0
18.9,6697,60,-0.9,-29.36,77.8,7183,6685.59,57.03,-0.9,-29,83.9,7171,0,0,0,0,0,0,0,0,0
18.95,6702,100,-0.9,-29.36,76.4,7186,6688.87,65.62,-0.9,-29.08,82.5,7175,0,0,0,0,0,0,0,0,0
19,6703,20,-0.9,-28.89,74.9,7190,6691.7,56.5,-0.9,-29.04,81,7179,0,0,0,0,0,0,0,0,0
19.05,6708,100,-0.9,-28.89,73.5,7194,6694.96,65.21,-0.9,-29.01,79.6,7183,0,0,0,0,0,0,0,0,0
19.1,6710,40,-0.9,-28.41,72.1,7198,6697.97,60.16,-0.9,-28.89,78.1,7187,0,0,0,0,0,0,0,0,0
19.15,6713,60,-0.9,-28.89,70.6,7201,6700.97,60.13,-0.9,-28.89,76.7,7191,0,0,0,0,0,0,0,0,0
19.2,6712,-20,-0.9,-28.89,69.2,7205,6703.18,44.1,-0.9,-28.89,75.2,7195,0,0,0,0,6712,0,0,0,0
19.25,6716,80,-0.9,-28.89,67.7,7208,6705.74,51.28,-0.9,-28.89,73.8,7199,0,0,0,0,0,0,0,0,0
19.3,6717,20,-0.9,-28.41,66.3,7211,6707.99,45.03,-0.9,-28.79,72.4,7202,0,0,0,0,0,0,0,0,0
19.35,6720,60,-0.9,-28.89,64.9,7215,6710.4,48.02,-0.9,-28.81,70.9,7206,0,0,0,0,0,0,0,0,0
19.4,6719,-20,-0.9,-28.89,63.4,7218,6712.12,34.41,-0.9,-28.83,69.5,7209,0,0,0,0,0,0,0,0,0
19.45,6724,100,-0.9,-28.89,62,7221,6714.49,47.54,-0.9,-28.84,68,7213,0,0,0,0,0,0,0,0,0
19.5,6722,-40,-0.9,-28.41,60.6,7224,6715.99,30.03,-0.9,-28.75,66.6,7216,0,0,0,0,0,0,0,0,0
19.55,6725,60,-0.9,-28.41,59.1,7227,6717.8,36.03,-0.9,-28.68,65.2,7219,0,0,0,0,0,0,0,0,0
19.6,6726,20,-0.9,-28.89,57.7,7230,6719.44,32.81,-0.9,-28.72,63.7,7223,0,0,0,0,0,0,0,0,0
19.65,6727,20,-0.9,-28.41,56.3,7233,6720.95,30.25,-0.9,-28.66,62.3,7226,0,0,0,0,0,0,0,0,0
19.7,6728,20,-0.9,-28.89,54.8,7236,6722.36,28.2,-0.9,-28.71,60.9,7229,0,0,0,0,0,6728,0,0,0
19.75,6725,-60,-0.9,-28.89,53.4,7238,6722.89,10.57,-0.9,-28.74,59.4,7232,0,0,0,0,0,0,0,0,0
19.8,6726,20,-0.9,-28.89,51.9,7241,6723.51,12.45,-0.9,-28.77,58,7235,0,0,0,0,0,0,0,0,0
19.85,6724,-40,-0.9,-28.41,50.5,7244,6723.61,1.96,-0.9,-28.7,56.5,7238,0,0,0,0,0,0,0,0,0
19.9,6722,-40,-0.9,-28.41,49.1,7246,6723.29,-6.44,-0.9,-28.64,55.1,7241,0,0,0,0,0,0,0,0,0
19.95,6722,0,-0.9,-28.41,47.7,7248,6723.03,-5.15,-0.9,-28.6,53.7,7243,0,0,0,0,0,0,0,0,0
20,6724,40,-0.9,-28.89,46.2,7251,6723.22,3.89,-0.9,-28.65,52.3,7246,0,0,0,0,0,0,0,0,0
20.05,6718,-120,-4.8,-154.37,38.5,7253,6722.18,-20.9,-1.7,-53.8,49.6,7248,0,0,0,0,0,0,0,0,0
20.1,6721,60,-1,-32.67,36.9,7255,6721.94,-4.72,-1.5,-49.57,47.1,7251,0,0,0,0,0,0,0,0,0
20.15,6720,-20,-0.8,-26.04,35.6,7257,6721.55,-7.77,-1.4,-44.87,44.8,7253,0,0,0,0,0,0,0,0,0
20.2,6721,20,-0.9,-28.41,34.2,7258,6721.44,-2.22,-1.3,-41.58,42.8,7255,0,0,0,0,0,0,0,0,0
20.25,6719,-40,-0.5,-16.57,33.3,7260,6720.95,-9.78,-1.1,-36.58,40.9,7257,0,0,0,0,0,0,0,0,0
20.3,6718,-20,-0.3,-9.47,32.9,7262,6720.36,-11.82,-1,-31.15,39.4,7259,0,0,0,0,0,0,0,0,0
20.35,6718,0,-0.9,-27.94,31.5,7263,6719.89,-9.45,-0.9,-30.51,37.9,7261,0,0,0,0,0,0,0,0,0
20.4,6721,60,-0.8,-25.57,30.2,7265,6720.11,4.43,-0.9,-29.52,36.4,7263,0,0,0,0,0,0,0,0,0
20.45,6717,-80,-0.8,-26.99,28.8,7266,6719.49,-12.45,-0.9,-29.02,34.9,7265,0,0,0,0,0,0,0,0,0
20.5,6717,0,1.4,45.46,31.1,7268,6718.99,-9.96,-0.4,-14.12,34.2,7267,0,0,0,0,0,0,0,0,0
20.55,6716,-20,-0.8,-25.57,29.8,7269,6718.39,-11.97,-0.5,-16.41,33.4,7268,0,0,0,0,0,0,0,0,0
20.6,6715,-20,-0.8,-26.52,28.5,7271,6717.71,-13.57,-0.6,-18.43,32.5,7270,0,0,0,0,0,0,0,0,0
20.65,6713,-40,-0.9,-28.41,27.1,7272,6716.77,-18.86,-0.6,-20.43,31.5,7272,0,0,0,0,0,0,0,0,0
20.7,6711,-40,-0.9,-27.94,25.7,7274,6715.62,-23.09,-0.7,-21.93,30.4,7273,0,0,0,0,0,0,6711,0,0
20.8,6705,-60,0,0,0,0,6713.49,-21.24,0,0,0,0,0,0,0,0,0,0,0,0,0
20.9,6763,580,0,0,0,0,6723.4,99.01,0,0,0,0,0,0,0,0,0,0,0,0,0
21,6758,-50,0,0,0,0,6730.32,69.21,0,0,0,0,0,0,0,0,0,0,0,0,0
21.1,6755,-30,0,0,0,0,6735.25,49.37,0,0,0,0,0,0,0,0,0,0,0,0,0
21.2,6754,-10,0,0,0,0,6739,37.5,0,0,0,0,0,0,0,0,0,0,0,0,0
21.3,6749,-50,0,0,0,0,6741,20,0,0,0,0,0,0,0,0,0,0,0,0,0
21.4,6749,0,0,0,0,0,6742.6,16,0,0,0,0,0,0,0,0,0,0,0,0,0
21.5,6745,-40,0,0,0,0,6743.08,4.79,0,0,0,0,0,0,0,0,0,0,0,0,0
21.6,6685,-600,0,0,0,0,6731.46,-116.16,0,0,0,0,0,0,0,0,0,0,0,0,0
21.7,6683,-20,0,0,0,0,6721.77,-96.93,0,0,0,0,0,0,0,0,0,0,0,0,0
21.8,6683,0,0,0,0,0,6714.02,-77.54,0,0,0,0,0,0,0,0,0,0,0,0,0
21.9,6678,-50,0,0,0,0,6706.81,-72.04,0,0,0,0,0,0,0,0,0,0,0,0,0
22,6674,-40,0,0,0,0,6700.25,-65.63,0,0,0,0,0,0,0,0,0,0,0,0,0
22.1,6717,430,0,0,0,0,6703.6,33.5,0,0,0,0,0,0,0,0,0,0,0,0,0
22.2,6690,-270,0,0,0,0,6700.88,-27.2,0,0,0,0,0,0,0,0,0,0,0,0,0
22.3,6711,210,0,0,0,0,6702.9,20.24,0,0,0,0,0,0,0,0,0,0,0,0,0
22.4,6661,-500,0,0,0,0,6694.52,-83.81,0,0,0,0,0,0,0,0,0,0,0,0,0
22.5,6671,100,0,0,0,0,6689.82,-47.05,0,0,0,0,0,0,0,0,0,0,0,0,0
22.6,6672,10,0,0,0,0,6686.25,-35.64,0,0,0,0,0,0,0,0,0,0,0,0,0
22.7,6631,-410,0,0,0,0,6675.2,-110.51,0,0,0,0,0,0,0,0,0,0,0,0,6631
22.8,6665,340,0,0,0,0,6673.16,-20.41,0,0,0,0,0,0,0,0,0,0,0,0,0
22.9,6649,-160,0,0,0,0,6668.33,-48.33,0,0,0,0,0,0,0,0,0,0,0,0,0
23,6646,-30,0,0,0,0,6663.86,-44.66,0,0,0,0,0,0,0,0,0,0,0,0,0
23.1,6653,70,0,0,0,0,6661.69,-21.73,0,0,0,0,0,0,0,0,0,0,0,0,0
23.2,6661,80,0,0,0,0,6661.55,-1.38,0,0,0,0,0,0,0,0,0,0,0,0,0
23.3,6659,-20,0,0,0,0,6661.04,-5.11,0,0,0,0,0,0,0,0,0,0,0,0,0
23.4,6596,-630,0,0,0,0,6648.03,-130.08,0,0,0,0,0,0,0,0,0,0,0,0,0
23.5,6611,150,0,0,0,0,6640.63,-74.07,0,0,0,0,0,0,0,0,0,0,0,0,0
23.6,6606,-50,0,0,0,0,6633.7,-69.25,0,0,0,0,0,0,0,0,0,0,0,0,0
23.7,6612,60,0,0,0,0,6629.36,-43.4,0,0,0,0,0,0,0,0,0,0,0,0,0
23.8,6610,-20,0,0,0,0,6625.49,-38.73,0,0,0,0,0,0,0,0,0,0,0,0,0
23.9,6611,10,0,0,0,0,6622.59,-28.98,0,0,0,0,0,0,0,0,0,0,0,0,0
24,6606,-50,0,0,0,0,6619.27,-33.18,0,0,0,0,0,0,0,0,0,0,0,0,0
24.1,6537,-690,0,0,0,0,6602.82,-164.55,0,0,0,0,0,0,0,0,0,0,0,0,0
24.2,6525,-120,0,0,0,0,6587.25,-155.63,0,0,0,0,0,0,0,0,0,0,0,0,0
24.3,6528,30,0,0,0,0,6575.4,-118.51,0,0,0,0,0,0,0,0,0,0,0,0,0
24.4,6516,-120,0,0,0,0,6563.52,-118.81,0,0,0,0,0,0,0,0,0,0,0,0,0
24.5,6559,430,0,0,0,0,6562.62,-9.05,0,0,0,0,0,0,0,0,0,0,0,0,0
24.6,6517,-420,0,0,0,0,6553.49,-91.24,0,0,0,0,0,0,0,0,0,0,0,0,0
24.7,6520,30,0,0,0,0,6546.8,-66.99,0,0,0,0,0,0,0,0,0,0,0,0,0
24.8,6527,70,0,0,0,0,6542.84,-39.59,0,0,0,0,0,0,0,0,0,0,0,0,0
24.9,6473,-540,0,0,0,0,6528.87,-139.67,0,0,0,0,0,0,0,0,0,0,0,0,0
25,6502,290,0,0,0,0,6523.5,-53.74,0,0,0,0,0,0,0,0,0,0,0,0,0
25.1,6483,-190,0,0,0,0,6515.4,-80.99,0,0,0,0,0,0,0,0,0,0,0,0,0
25.2,6472,-110,0,0,0,0,6506.72,-86.79,0,0,0,0,0,0,0,0,0,0,0,0,0
25.3,6468,-40,0,0,0,0,6498.97,-77.44,0,0,0,0,0,0,0,0,0,0,0,0,0
25.4,6468,0,0,0,0,0,6492.78,-61.95,0,0,0,0,0,0,0,0,0,0,0,0,0
25.5,6469,10,0,0,0,0,6488.02,-47.56,0,0,0,0,0,0,0,0,0,0,0,0,0
25.6,6476,70,0,0,0,0,6485.62,-24.05,0,0,0,0,0,0,0,0,0,0,0,0,0
25.7,6412,-640,0,0,0,0,6470.89,-147.24,0,0,0,0,0,0,0,0,0,0,0,0,0
25.8,6397,-150,0,0,0,0,6456.12,-147.79,0,0,0,0,0,0,0,0,0,0,0,0,0
25.9,6406,90,0,0,0,0,6446.09,-100.23,0,0,0,0,0,0,0,0,0,0,0,0,0
26,6414,80,0,0,0,0,6439.67,-64.18,0,0,0,0,0,0,0,0,0,0,0,0,0
26.1,6420,60,0,0,0,0,6435.74,-39.35,0,0,0,0,0,0,0,0,0,0,0,0,0
26.2,6431,110,0,0,0,0,6434.79,-9.48,0,0,0,0,0,0,0,0,0,0,0,0,0
26.3,6422,-90,0,0,0,0,6432.23,-25.58,0,0,0,0,0,0,0,0,0,0,0,0,0
26.4,6412,-100,0,0,0,0,6428.19,-40.47,0,0,0,0,0,0,0,0,0,0,0,0,0
26.5,6394,-180,0,0,0,0,6421.35,-68.37,0,0,0,0,0,0,0,0,0,0,0,0,0
26.6,6321,-730,0,0,0,0,6401.28,-200.7,0,0,0,0,0,0,0,0,0,0,0,0,0
26.7,6318,-30,0,0,0,0,6384.62,-166.56,0,0,0,0,0,0,0,0,0,0,0,0,0
26.8,6309,-90,0,0,0,0,6369.5,-151.25,0,0,0,0,0,0,0,0,0,0,0,0,0
26.9,6363,540,0,0,0,0,6368.2,-13,0,0,0,0,0,0,0,0,0,0,0,0,0
27,6310,-530,0,0,0,0,6356.56,-116.4,0,0,0,0,0,0,0,0,0,0,0,0,0
27.1,6327,170,0,0,0,0,6350.65,-59.12,0,0,0,0,0,0,0,0,0,0,0,0,0
27.2,6294,-330,0,0,0,0,6339.32,-113.3,0,0,0,0,0,0,0,0,0,0,0,0,0
27.3,6262,-320,0,0,0,0,6323.85,-154.63,0,0,0,0,0,0,0,0,0,0,0,0,0
27.4,6310,480,0,0,0,0,6321.08,-27.71,0,0,0,0,0,0,0,0,0,0,0,0,0
27.5,6238,-720,0,0,0,0,6304.47,-166.17,0,0,0,0,0,0,0,0,0,0,0,0,0
27.6,6243,50,0,0,0,0,6292.17,-122.93,0,0,0,0,0,0,0,0,0,0,0,0,0
27.7,6264,210,0,0,0,0,6286.54,-56.35,0,0,0,0,0,0,0,0,0,0,0,0,0
27.8,6285,210,0,0,0,0,6286.23,-3.08,0,0,0,0,0,0,0,0,0,0,0,0,0
27.9,6293,80,0,0,0,0,6287.58,13.54,0,0,0,0,0,0,0,0,0,0,0,0,0
28,6264,-290,0,0,0,0,6282.87,-47.17,0,0,0,0,0,0,0,0,0,0,0,0,0
28.1,6250,-140,0,0,0,0,6276.29,-65.74,0,0,0,0,0,0,0,0,0,0,0,0,0
28.2,6224,-260,0,0,0,0,6265.84,-104.59,0,0,0,0,0,0,0,0,0,0,0,0,0
28.3,6198,-260,0,0,0,0,6252.27,-135.67,0,0,0,0,0,0,0,0,0,0,0,0,0
28.4,6193,-50,0,0,0,0,6240.42,-118.54,0,0,0,0,0,0,0,0,0,0,0,0,0
28.5,6189,-40,0,0,0,0,6230.13,-102.83,0,0,0,0,0,0,0,0,0,0,0,0,0
28.6,6221,320,0,0,0,0,6228.31,-18.26,0,0,0,0,0,0,0,0,0,0,0,0,0
28.7,6192,-290,0,0,0,0,6221.04,-72.61,0,0,0,0,0,0,0,0,0,0,0,0,0
28.8,6146,-460,0,0,0,0,6206.04,-150.09,0,0,0,0,0,0,0,0,0,0,0,0,0
28.9,6142,-40,0,0,0,0,6193.23,-128.07,0,0,0,0,0,0,0,0,0,0,0,0,0
29,6152,100,0,0,0,0,6184.98,-82.46,0,0,0,0,0,0,0,0,0,0,0,0,0
29.1,6164,120,0,0,0,0,6180.79,-41.97,0,0,0,0,0,0,0,0,0,0,0,0,0
29.2,6162,-20,0,0,0,0,6177.03,-37.57,0,0,0,0,0,0,0,0,0,0,0,0,0
29.3,6133,-290,0,0,0,0,6168.22,-88.06,0,0,0,0,0,0,0,0,0,0,0,0,0
29.4,6117,-160,0,0,0,0,6157.98,-102.45,0,0,0,0,0,0,0,0,0,0,0,0,0
29.5,6097,-200,0,0,0,0,6145.78,-121.96,0,0,0,0,0,0,0,0,0,0,0,0,0
29.6,6093,-40,0,0,0,0,6135.23,-105.57,0,0,0,0,0,0,0,0,0,0,0,0,0
29.7,6064,-290,0,0,0,0,6120.98,-142.45,0,0,0,0,0,0,0,0,0,0,0,0,0
29.8,6090,260,0,0,0,0,6114.78,-61.96,0,0,0,0,0,0,0,0,0,0,0,0,0
29.9,6062,-280,0,0,0,0,6104.23,-105.57,0,0,0,0,0,0,0,0,0,0,0,0,0
30,6044,-180,0,0,0,0,6092.18,-120.45,0,0,0,0,0,0,0,0,0,0,0,0,0
30.1,6065,210,0,0,0,0,6086.75,-54.37,0,0,0,0,0,0,0,0,0,0,0,0,0
30.2,6087,220,0,0,0,0,6086.8,0.51,0,0,0,0,0,0,0,0,0,0,0,0,0
30.3,6076,-110,0,0,0,0,6084.64,-21.59,0,0,0,0,0,0,0,0,0,0,0,0,0
30.4,6059,-170,0,0,0,0,6079.51,-51.27,0,0,0,0,0,0,0,0,0,0,0,0,0
30.5,6023,-360,0,0,0,0,6068.21,-113.02,0,0,0,0,0,0,0,0,0,0,0,0,0
30.6,6013,-100,0,0,0,0,6057.17,-110.42,0,0,0,0,0,0,0,0,0,0,0,0,0
30.7,6010,-30,0,0,0,0,6047.73,-94.33,0,0,0,0,0,0,0,0,0,0,0,0,0
30.8,5995,-150,0,0,0,0,6037.19,-105.47,0,0,0,0,0,0,0,0,0,0,0,0,0
30.9,6029,340,0,0,0,0,6035.55,-16.37,0,0,0,0,0,0,0,0,0,0,0,0,0
31,6021,-80,0,0,0,0,6032.64,-29.1,0,0,0,0,0,0,0,0,0,0,0,0,0
31.1,5958,-630,0,0,0,0,6017.71,-149.28,0,0,0,0,0,0,0,0,0,0,0,0,0
31.2,5962,40,0,0,0,0,6006.57,-111.43,0,0,0,0,0,0,0,0,0,0,0,0,0
31.3,5933,-290,0,0,0,0,5991.86,-147.14,0,0,0,0,0,0,0,0,0,0,0,0,0
31.4,5921,-120,0,0,0,0,5977.68,-141.71,0,0,0,0,0,0,0,0,0,0,0,0,0
31.5,5903,-180,0,0,0,0,5962.75,-149.37,0,0,0,0,0,0,0,0,0,0,0,0,0
31.6,5920,170,0,0,0,0,5954.2,-85.49,0,0,0,0,0,0,0,0,0,0,0,0,0
31.7,5950,300,0,0,0,0,5953.36,-8.4,0,0,0,0,0,0,0,0,0,0,0,0,0
31.8,5963,130,0,0,0,0,5955.29,19.28,0,0,0,0,0,0,0,0,0,0,0,0,0
31.9,5963,0,0,0,0,0,5956.83,15.42,0,0,0,0,0,0,0,0,0,0,0,0,0
32,5926,-370,0,0,0,0,5950.66,-61.66,0,0,0,0,0,0,0,0,0,0,0,0,0
32.1,5917,-90,0,0,0,0,5943.93,-67.32,0,0,0,0,0,0,0,0,0,0,0,0,0
32.2,5906,-110,0,0,0,0,5936.34,-75.86,0,0,0,0,0,0,0,0,0,0,0,0,0
32.3,5906,0,0,0,0,0,5930.28,-60.69,0,0,0,0,0,0,0,0,0,0,0,0,0
32.4,5886,-200,0,0,0,0,5921.42,-88.55,0,0,0,0,0,0,0,0,0,0,0,0,0
32.5,5857,-290,0,0,0,0,5908.54,-128.84,0,0,0,0,0,0,0,0,0,0,0,0,0
32.6,5824,-330,0,0,0,0,5891.63,-169.07,0,0,0,0,0,0,0,0,0,0,0,0,0
32.7,5813,-110,0,0,0,0,5875.9,-157.26,0,0,0,0,0,0,0,0,0,0,0,0,0
32.8,5822,90,0,0,0,0,5865.12,-107.81,0,0,0,0,0,0,0,0,0,0,0,0,0
32.9,5853,310,0,0,0,0,5862.7,-24.24,0,0,0,0,0,0,0,0,0,0,0,0,0
33,5839,-140,0,0,0,0,5857.96,-47.4,0,0,0,0,0,0,0,0,0,0,0,0,0
33.1,5821,-180,0,0,0,0,5850.57,-73.92,0,0,0,0,0,0,0,0,0,0,0,0,0
33.2,5804,-170,0,0,0,0,5841.25,-93.13,0,0,0,0,0,0,0,0,0,0,0,0,0
33.3,5804,0,0,0,0,0,5833.8,-74.51,0,0,0,0,0,0,0,0,0,0,0,0,0
33.4,5797,-70,0,0,0,0,5826.44,-73.6,0,0,0,0,0,0,0,0,0,0,0,0,0
33.5,5799,20,0,0,0,0,5820.95,-54.88,0,0,0,0,0,0,0,0,0,0,0,0,0
33.6,5762,-370,0,0,0,0,5809.16,-117.91,0,0,0,0,0,0,0,0,0,0,0,0,0
33.7,5792,300,0,0,0,0,5805.73,-34.33,0,0,0,0,0,0,0,0,0,0,0,0,0
33.8,5750,-420,0,0,0,0,5794.58,-111.46,0,0,0,0,0,0,0,0,0,0,0,0,0
33.9,5718,-320,0,0,0,0,5779.27,-153.17,0,0,0,0,0,0,0,0,0,0,0,0,0
34,5718,0,0,0,0,0,5767.01,-122.53,0,0,0,0,0,0,0,0,0,0,0,0,0
34.1,5747,290,0,0,0,0,5763.01,-40.03,0,0,0,0,0,0,0,0,0,0,0,0,0
34.2,5736,-110,0,0,0,0,5757.61,-54.02,0,0,0,0,0,0,0,0,0,0,0,0,0
34.3,5716,-200,0,0,0,0,5749.29,-83.22,0,0,0,0,0,0,0,0,0,0,0,0,0
34.4,5703,-130,0,0,0,0,5740.03,-92.57,0,0,0,0,0,0,0,0,0,0,0,0,0
34.5,5633,-700,0,0,0,0,5718.62,-214.06,0,0,0,0,0,0,0,0,0,0,0,0,0
34.6,5636,30,0,0,0,0,5702.1,-165.25,0,0,0,0,0,0,0,0,0,0,0,0,0
34.7,5644,80,0,0,0,0,5690.48,-116.2,0,0,0,0,0,0,0,0,0,0,0,0,0
34.8,5658,140,0,0,0,0,5683.98,-64.96,0,0,0,0,0,0,0,0,0,0,0,0,0
34.9,5688,300,0,0,0,0,5684.79,8.03,0,0,0,0,0,0,0,0,0,0,0,0,0
35,5681,-70,0,0,0,0,5684.03,-7.57,0,0,0,0,0,0,0,0,0,0,0,0,0
35.1,5703,220,0,0,0,0,5687.82,37.94,0,0,0,0,0,0,0,0,0,0,0,0,0
35.2,5618,-850,0,0,0,0,5673.86,-139.65,0,0,0,0,0,0,0,0,0,0,0,0,0
35.3,5613,-50,0,0,0,0,5661.69,-121.72,0,0,0,0,0,0,0,0,0,0,0,0,0
35.4,5604,-90,0,0,0,0,5650.15,-115.37,0,0,0,0,0,0,0,0,0,0,0,0,0
35.5,5606,20,0,0,0,0,5641.32,-88.3,0,0,0,0,0,0,0,0,0,0,0,0,0
35.6,5604,-20,0,0,0,0,5633.86,-74.64,0,0,0,0,0,0,0,0,0,0,0,0,0
35.7,5599,-50,0,0,0,0,5626.88,-69.71,0,0,0,0,0,0,0,0,0,0,0,0,0
35.8,5608,90,0,0,0,0,5623.11,-37.77,0,0,0,0,0,0,0,0,0,0,0,0,0
35.9,5575,-330,0,0,0,0,5613.49,-96.22,0,0,0,0,0,0,0,0,0,0,0,0,0
36,5564,-110,0,0,0,0,5603.59,-98.97,0,0,0,0,0,0,0,0,0,0,0,0,0
36.1,5559,-50,0,0,0,0,5594.67,-89.18,0,0,0,0,0,0,0,0,0,0,0,0,0
36.2,5552,-70,0,0,0,0,5586.14,-85.34,0,0,0,0,0,0,0,0,0,0,0,0,0
36.3,5573,210,0,0,0,0,5583.51,-26.27,0,0,0,0,0,0,0,0,0,0,0,0,0
36.4,5524,-490,0,0,0,0,5571.61,-119.02,0,0,0,0,0,0,0,0,0,0,0,0,0
36.5,5493,-310,0,0,0,0,5555.89,-157.22,0,0,0,0,0,0,0,0,0,0,0,0,0
36.6,5533,400,0,0,0,0,5551.31,-45.77,0,0,0,0,0,0,0,0,0,0,0,0,0
36.7,5510,-230,0,0,0,0,5543.05,-82.62,0,0,0,0,0,0,0,0,0,0,0,0,0
36.8,5435,-750,0,0,0,0,5521.44,-216.09,0,0,0,0,0,0,0,0,0,0,0,0,0
36.9,5431,-40,0,0,0,0,5503.35,-180.87,0,0,0,0,0,0,0,0,0,0,0,0,0
37,5430,-10,0,0,0,0,5488.68,-146.7,0,0,0,0,0,0,0,0,0,0,0,0,0
37.1,5424,-60,0,0,0,0,5475.74,-129.36,0,0,0,0,0,0,0,0,0,0,0,0,0
37.2,5429,50,0,0,0,0,5466.4,-93.49,0,0,0,0,0,0,0,0,0,0,0,0,0
37.3,5431,20,0,0,0,0,5459.32,-70.79,0,0,0,0,0,0,0,0,0,0,0,0,0
37.4,5443,120,0,0,0,0,5456.05,-32.63,0,0,0,0,0,0,0,0,0,0,0,0,0
37.5,5464,210,0,0,0,0,5457.64,15.89,0,0,0,0,0,0,0,0,0,0,0,0,0
37.6,5415,-490,0,0,0,0,5449.11,-85.28,0,0,0,0,0,0,0,0,0,0,0,0,0
37.7,5418,30,0,0,0,0,5442.89,-62.23,0,0,0,0,0,0,0,0,0,0,0,0,0
37.8,5401,-170,0,0,0,0,5434.51,-83.78,0,0,0,0,0,0,0,0,0,0,0,0,0
37.9,5395,-60,0,0,0,0,5426.61,-79.03,0,0,0,0,0,0,0,0,0,0,0,0,0
38,5419,240,0,0,0,0,5425.09,-15.22,0,0,0,0,0,0,0,0,0,0,0,0,0
38.1,5394,-250,0,0,0,0,5418.87,-62.18,0,0,0,0,0,0,0,0,0,0,0,0,0
38.2,5364,-300,0,0,0,0,5407.9,-109.74,0,0,0,0,0,0,0,0,0,0,0,0,0
38.3,5351,-130,0,0,0,0,5396.52,-113.79,0,0,0,0,0,0,0,0,0,0,0,0,0
38.4,5342,-90,0,0,0,0,5385.61,-109.03,0,0,0,0,0,0,0,0,0,0,0,0,0
38.5,5338,-40,0,0,0,0,5376.09,-95.23,0,0,0,0,0,0,0,0,0,0,0,0,0
38.6,5339,10,0,0,0,0,5368.67,-74.18,0,0,0,0,0,0,0,0,0,0,0,0,0
38.7,5341,20,0,0,0,0,5363.14,-55.35,0,0,0,0,0,0,0,0,0,0,0,0,0
38.8,5338,-30,0,0,0,0,5358.11,-50.28,0,0,0,0,0,0,0,0,0,0,0,0,0
38.9,5321,-170,0,0,0,0,5350.69,-74.22,0,0,0,0,0,0,0,0,0,0,0,0,0
39,5307,-140,0,0,0,0,5341.95,-87.38,0,0,0,0,0,0,0,0,0,0,0,0,0
39.1,5297,-100,0,0,0,0,5332.96,-89.9,0,0,0,0,0,0,0,0,0,0,0,0,0
39.2,5286,-110,0,0,0,0,5323.57,-93.92,0,0,0,0,0,0,0,0,0,0,0,0,0
39.3,5285,-10,0,0,0,0,5315.85,-77.14,0,0,0,0,0,0,0,0,0,0,0,0,0
39.4,5222,-630,0,0,0,0,5297.08,-187.71,0,0,0,0,0,0,0,0,0,0,0,0,0
39.5,5231,90,0,0,0,0,5283.87,-132.17,0,0,0,0,0,0,0,0,0,0,0,0,0
39.6,5222,-90,0,0,0,0,5271.49,-123.74,0,0,0,0,0,0,0,0,0,0,0,0,0
39.7,5217,-50,0,0,0,0,5260.59,-108.98,0,0,0,0,0,0,0,0,0,0,0,0,0
39.8,5205,-120,0,0,0,0,5249.48,-111.19,0,0,0,0,0,0,0,0,0,0,0,0,0
39.9,5190,-150,0,0,0,0,5237.58,-118.95,0,0,0,0,0,0,0,0,0,0,0,0,0
40,5187,-30,0,0,0,0,5227.46,-101.16,0,0,0,0,0,0,0,0,0,0,0,0,0
40.1,5177,-100,0,0,0,0,5217.37,-100.93,0,0,0,0,0,0,0,0,0,0,0,0,0
40.2,5159,-180,0,0,0,0,5205.7,-116.74,0,0,0,0,0,0,0,0,0,0,0,0,0
40.3,5140,-190,0,0,0,0,5192.56,-131.4,0,0,0,0,0,0,0,0,0,0,0,0,0
40.4,5133,-70,0,0,0,0,5180.65,-119.12,0,0,0,0,0,0,0,0,0,0,0,0,0
40.5,5120,-130,0,0,0,0,5168.52,-121.29,0,0,0,0,0,0,0,0,0,0,0,0,0
40.6,5157,370,0,0,0,0,5166.21,-23.03,0,0,0,0,0,0,0,0,0,0,0,0,0
40.7,5116,-410,0,0,0,0,5156.17,-100.42,0,0,0,0,0,0,0,0,0,0,0,0,0
40.8,5120,40,0,0,0,0,5148.94,-72.34,0,0,0,0,0,0,0,0,0,0,0,0,0
40.9,5114,-60,0,0,0,0,5141.95,-69.87,0,0,0,0,0,0,0,0,0,0,0,0,0
41,5103,-110,0,0,0,0,5134.16,-77.9,0,0,0,0,0,0,0,0,0,0,0,0,0
41.1,5043,-600,0,0,0,0,5115.93,-182.32,0,0,0,0,0,0,0,0,0,0,0,0,0
41.2,5057,140,0,0,0,0,5104.14,-117.86,0,0,0,0,0,0,0,0,0,0,0,0,0
41.3,5077,200,0,0,0,0,5098.71,-54.28,0,0,0,0,0,0,0,0,0,0,0,0,0
41.4,5043,-340,0,0,0,0,5087.57,-111.43,0,0,0,0,0,0,0,0,0,0,0,0,0
41.5,5078,350,0,0,0,0,5085.66,-19.14,0,0,0,0,0,0,0,0,0,0,0,0,0
41.6,5045,-330,0,0,0,0,5077.53,-81.31,0,0,0,0,0,0,0,0,0,0,0,0,0
41.7,5064,190,0,0,0,0,5074.82,-27.05,0,0,0,0,0,0,0,0,0,0,0,0,0
41.8,5021,-430,0,0,0,0,5064.06,-107.64,0,0,0,0,0,0,0,0,0,0,0,0,0
41.9,5032,110,0,0,0,0,5057.65,-64.11,0,0,0,0,0,0,0,0,0,0,0,0,0
42,4996,-360,0,0,0,0,5045.32,-123.29,0,0,0,0,0,0,0,0,0,0,0,0,0
42.1,5025,290,0,0,0,0,5041.25,-40.63,0,0,0,0,0,0,0,0,0,0,0,0,0
42.2,4999,-260,0,0,0,0,5032.8,-84.51,0,0,0,0,0,0,0,0,0,0,0,0,0
42.3,4986,-130,0,0,0,0,5023.44,-93.6,0,0,0,0,0,0,0,0,0,0,0,0,0
42.4,4981,-50,0,0,0,0,5014.95,-84.88,0,0,0,0,0,0,0,0,0,0,0,0,0
42.5,4928,-530,0,0,0,0,4997.56,-173.91,0,0,0,0,0,0,0,0,0,0,0,0,0
42.6,4949,210,0,0,0,0,4987.85,-97.12,0,0,0,0,0,0,0,0,0,0,0,0,0
42.7,4975,260,0,0,0,0,4985.28,-25.7,0,0,0,0,0,0,0,0,0,0,0,0,0
42.8,4941,-340,0,0,0,0,4976.42,-88.56,0,0,0,0,0,0,0,0,0,0,0,0,0
42.9,4976,350,0,0,0,0,4976.34,-0.85,0,0,0,0,0,0,0,0,0,0,0,0,0
43,5001,250,0,0,0,0,4981.27,49.32,0,0,0,0,0,0,0,0,0,0,0,0,0
43.1,4933,-680,0,0,0,0,4971.62,-96.54,0,0,0,0,0,0,0,0,0,0,0,0,0
43.2,4929,-40,0,0,0,0,4963.09,-85.23,0,0,0,0,0,0,0,0,0,0,0,0,0
43.3,4929,0,0,0,0,0,4956.27,-68.19,0,0,0,0,0,0,0,0,0,0,0,0,0
43.4,4868,-610,0,0,0,0,4938.62,-176.55,0,0,0,0,0,0,0,0,0,0,0,0,0
43.5,4869,10,0,0,0,0,4924.7,-139.24,0,0,0,0,0,0,0,0,0,0,0,0,0
43.6,4866,-30,0,0,0,0,4912.96,-117.39,0,0,0,0,0,0,0,0,0,0,0,0,0
43.7,4884,180,0,0,0,0,4907.17,-57.92,0,0,0,0,0,0,0,0,0,0,0,0,0
43.8,4839,-450,0,0,0,0,4893.53,-136.33,0,0,0,0,0,0,0,0,0,0,0,0,0
43.9,4850,110,0,0,0,0,4884.83,-87.07,0,0,0,0,0,0,0,0,0,0,0,0,0
44,4868,180,0,0,0,0,4881.46,-33.65,0,0,0,0,0,0,0,0,0,0,0,0,0
44.1,4851,-170,0,0,0,0,4875.37,-60.92,0,0,0,0,0,0,0,0,0,0,0,0,0
44.2,4835,-160,0,0,0,0,4867.29,-80.74,0,0,0,0,0,0,0,0,0,0,0,0,0
44.3,4822,-130,0,0,0,0,4858.24,-90.59,0,0,0,0,0,0,0,0,0,0,0,0,0
44.4,4826,40,0,0,0,0,4851.79,-64.47,0,0,0,0,0,0,0,0,0,0,0,0,0
44.5,4752,-740,0,0,0,0,4831.83,-199.58,0,0,0,0,0,0,0,0,0,0,0,0,0
44.6,4782,300,0,0,0,0,4821.86,-99.66,0,0,0,0,0,0,0,0,0,0,0,0,0
44.7,4742,-400,0,0,0,0,4805.89,-159.73,0,0,0,0,0,0,0,0,0,0,0,0,0
44.8,4748,60,0,0,0,0,4794.31,-115.78,0,0,0,0,0,0,0,0,0,0,0,0,0
44.9,4746,-20,0,0,0,0,4784.65,-96.63,0,0,0,0,0,0,0,0,0,0,0,0,0
45,4692,-540,0,0,0,0,4766.12,-185.3,0,0,0,0,0,0,0,0,0,0,0,0,0
45.1,4707,150,0,0,0,0,4754.3,-118.24,0,0,0,0,0,0,0,0,0,0,0,0,0
45.2,4683,-240,0,0,0,0,4740.04,-142.59,0,0,0,0,0,0,0,0,0,0,0,0,0
45.3,4666,-170,0,0,0,0,4725.23,-148.08,0,0,0,0,0,0,0,0,0,0,0,0,0
45.4,4655,-110,0,0,0,0,4711.18,-140.46,0,0,0,0,0,0,0,0,0,0,0,0,0
45.5,4694,390,0,0,0,0,4707.75,-34.37,0,0,0,0,0,0,0,0,0,0,0,0,0
45.6,4665,-290,0,0,0,0,4699.2,-85.49,0,0,0,0,0,0,0,0,0,0,0,0,0
45.7,4622,-430,0,0,0,0,4683.76,-154.39,0,0,0,0,0,0,0,0,0,0,0,0,0
45.8,4636,140,0,0,0,0,4674.21,-95.52,0,0,0,0,0,0,0,0,0,0,0,0,0
45.9,4595,-410,0,0,0,0,4658.37,-158.41,0,0,0,0,0,0,0,0,0,0,0,0,0
46,4631,360,0,0,0,0,4652.89,-54.73,0,0,0,0,0,0,0,0,0,0,0,0,0
46.1,4606,-250,0,0,0,0,4643.51,-93.78,0,0,0,0,0,0,0,0,0,0,0,0,0
46.2,4599,-70,0,0,0,0,4634.61,-89.03,0,0,0,0,0,0,0,0,0,0,0,0,0
46.3,4598,-10,0,0,0,0,4627.29,-73.22,0,0,0,0,0,0,0,0,0,0,0,0,0
46.4,4543,-550,0,0,0,0,4610.43,-168.58,0,0,0,0,0,0,0,0,0,0,0,0,0
46.5,4552,90,0,0,0,0,4598.74,-116.86,0,0,0,0,0,0,0,0,0,0,0,0,0
46.6,4565,130,0,0,0,0,4592,-67.49,0,0,0,0,0,0,0,0,0,0,0,0,0
46.7,4519,-460,0,0,0,0,4577.4,-145.99,0,0,0,0,0,0,0,0,0,0,0,0,0
46.8,4552,330,0,0,0,0,4572.32,-50.79,0,0,0,0,0,0,0,0,0,0,0,0,0
46.9,4590,380,0,0,0,0,4575.85,35.37,0,0,0,0,0,0,0,0,0,0,0,0,0
47,4601,110,0,0,0,0,4580.88,50.29,0,0,0,0,0,0,0,0,0,0,0,0,0
47.1,4584,-170,0,0,0,0,4581.51,6.24,0,0,0,0,0,0,0,0,0,0,0,0,0
47.2,4569,-150,0,0,0,0,4579.01,-25.01,0,0,0,0,0,0,0,0,0,0,0,0,0
47.3,4555,-140,0,0,0,0,4574.2,-48.01,0,0,0,0,0,0,0,0,0,0,0,0,0
47.4,4471,-840,0,0,0,0,4553.56,-206.41,0,0,0,0,0,0,0,0,0,0,0,0,0
47.5,4448,-230,0,0,0,0,4532.45,-211.13,0,0,0,0,0,0,0,0,0,0,0,0,0
47.6,4438,-100,0,0,0,0,4513.56,-188.9,0,0,0,0,0,0,0,0,0,0,0,0,0
47.7,4437,-10,0,0,0,0,4498.25,-153.12,0,0,0,0,0,0,0,0,0,0,0,0,0
47.8,4445,80,0,0,0,0,4487.6,-106.5,0,0,0,0,0,0,0,0,0,0,0,0,0
47.9,4452,70,0,0,0,0,4480.48,-71.2,0,0,0,0,0,0,0,0,0,0,0,0,0
48,4450,-20,0,0,0,0,4474.38,-60.96,0,0,0,0,0,0,0,0,0,0,0,0,0
48.1,4418,-320,0,0,0,0,4463.11,-112.77,0,0,0,0,0,0,0,0,0,0,0,0,0
48.2,4430,120,0,0,0,0,4456.49,-66.21,0,0,0,0,0,0,0,0,0,0,0,0,0
48.3,4426,-40,0,0,0,0,4450.39,-60.97,0,0,0,0,0,0,0,0,0,0,0,0,0
48.4,4384,-420,0,0,0,0,4437.11,-132.78,0,0,0,0,0,0,0,0,0,0,0,0,0
48.5,4359,-250,0,0,0,0,4421.49,-156.22,0,0,0,0,0,0,0,0,0,0,0,0,0
48.6,4345,-140,0,0,0,0,4406.19,-152.98,0,0,0,0,0,0,0,0,0,0,0,0,0
48.7,4334,-110,0,0,0,0,4391.75,-144.38,0,0,0,0,0,0,0,0,0,0,0,0,0
48.8,4328,-60,0,0,0,0,4379,-127.5,0,0,0,0,0,0,0,0,0,0,0,0,0
48.9,4323,-50,0,0,0,0,4367.8,-112,0,0,0,0,0,0,0,0,0,0,0,0,0
49,4321,-20,0,0,0,0,4358.44,-93.6,0,0,0,0,0,0,0,0,0,0,0,0,0
49.1,4323,20,0,0,0,0,4351.35,-70.88,0,0,0,0,0,0,0,0,0,0,0,0,0
49.2,4336,130,0,0,0,0,4348.28,-30.71,0,0,0,0,0,0,0,0,0,0,0,0,0
49.3,4287,-490,0,0,0,0,4336.03,-122.56,0,0,0,0,0,0,0,0,0,0,0,0,0
49.4,4289,20,0,0,0,0,4326.62,-94.05,0,0,0,0,0,0,0,0,0,0,0,0,0
49.5,4328,390,0,0,0,0,4326.9,2.76,0,0,0,0,0,0,0,0,0,0,0,0,0
49.6,4299,-290,0,0,0,0,4321.32,-55.79,0,0,0,0,0,0,0,0,0,0,0,0,0
49.7,4288,-110,0,0,0,0,4314.65,-66.64,0,0,0,0,0,0,0,0,0,0,0,0,0
49.8,4266,-220,0,0,0,0,4304.92,-97.31,0,0,0,0,0,0,0,0,0,0,0,0,0
49.9,4259,-70,0,0,0,0,4295.74,-91.85,0,0,0,0,0,0,0,0,0,0,0,0,0
50,4187,-720,0,0,0,0,4273.99,-217.48,0,0,0,0,0,0,0,0,0,0,0,0,0
50.1,4180,-70,0,0,0,0,4255.19,-187.98,0,0,0,0,0,0,0,0,0,0,0,0,0
50.2,4172,-80,0,0,0,0,4238.55,-166.39,0,0,0,0,0,0,0,0,0,0,0,0,0
50.3,4174,20,0,0,0,0,4225.64,-129.11,0,0,0,0,0,0,0,0,0,0,0,0,0
50.4,4167,-70,0,0,0,0,4213.91,-117.29,0,0,0,0,0,0,0,0,0,0,0,0,0
50.5,4163,-40,0,0,0,0,4203.73,-101.83,0,0,0,0,0,0,0,0,0,0,0,0,0
50.6,4146,-170,0,0,0,0,4192.19,-115.46,0,0,0,0,0,0,0,0,0,0,0,0,0
50.7,4167,210,0,0,0,0,4187.15,-50.37,0,0,0,0,0,0,0,0,0,0,0,0,0
50.8,4123,-440,0,0,0,0,4174.32,-128.3,0,0,0,0,0,0,0,0,0,0,0,0,0
50.9,4135,120,0,0,0,0,4166.45,-78.64,0,0,0,0,0,0,0,0,0,0,0,0,0
51,4164,290,0,0,0,0,4165.96,-4.91,0,0,0,0,0,0,0,0,0,0,0,0,0
51.1,4147,-170,0,0,0,0,4162.17,-37.93,0,0,0,0,0,0,0,0,0,0,0,0,0
51.2,4138,-90,0,0,0,0,4157.34,-48.34,0,0,0,0,0,0,0,0,0,0,0,0,0
51.3,4133,-50,0,0,0,0,4152.47,-48.67,0,0,0,0,0,0,0,0,0,0,0,0,0
51.4,4124,-90,0,0,0,0,4146.78,-56.94,0,0,0,0,0,0,0,0,0,0,0,0,0
51.5,4105,-190,0,0,0,0,4138.42,-83.55,0,0,0,0,0,0,0,0,0,0,0,0,0
51.6,4101,-40,0,0,0,0,4130.94,-74.84,0,0,0,0,0,0,0,0,0,0,0,0,0
51.7,4061,-400,0,0,0,0,4116.95,-139.87,0,0,0,0,0,0,0,0,0,0,0,0,0
51.8,4058,-30,0,0,0,0,4105.16,-117.9,0,0,0,0,0,0,0,0,0,0,0,0,0
51.9,4031,-270,0,0,0,0,4090.33,-148.32,0,0,0,0,0,0,0,0,0,0,0,0,0
52,4025,-60,0,0,0,0,4077.26,-130.65,0,0,0,0,0,0,0,0,0,0,0,0,0
52.1,4024,-10,0,0,0,0,4066.61,-106.52,0,0,0,0,0,0,0,0,0,0,0,0,0
52.2,4018,-60,0,0,0,0,4056.89,-97.22,0,0,0,0,0,0,0,0,0,0,0,0,0
52.3,3996,-220,0,0,0,0,4044.71,-121.77,0,0,0,0,0,0,0,0,0,0,0,0,0
52.4,4018,220,0,0,0,0,4039.37,-53.42,0,0,0,0,0,0,0,0,0,0,0,0,0
52.5,3989,-290,0,0,0,0,4029.29,-100.74,0,0,0,0,0,0,0,0,0,0,0,0,0
52.6,3967,-220,0,0,0,0,4016.84,-124.59,0,0,0,0,0,0,0,0,0,0,0,0,0
52.7,3943,-240,0,0,0,0,4002.07,-147.67,0,0,0,0,0,0,0,0,0,0,0,0,0
52.8,3931,-120,0,0,0,0,3987.85,-142.14,0,0,0,0,0,0,0,0,0,0,0,0,0
52.9,3923,-80,0,0,0,0,3974.88,-129.71,0,0,0,0,0,0,0,0,0,0,0,0,0
53,3922,-10,0,0,0,0,3964.31,-105.77,0,0,0,0,0,0,0,0,0,0,0,0,0
53.1,3922,0,0,0,0,0,3955.85,-84.61,0,0,0,0,0,0,0,0,0,0,0,0,0
53.2,3920,-20,0,0,0,0,3948.68,-71.69,0,0,0,0,0,0,0,0,0,0,0,0,0
53.3,3922,20,0,0,0,0,3943.34,-53.35,0,0,0,0,0,0,0,0,0,0,0,0,0
53.4,3860,-620,0,0,0,0,3926.67,-166.68,0,0,0,0,0,0,0,0,0,0,0,0,0
53.5,3860,0,0,0,0,0,3913.34,-133.35,0,0,0,0,0,0,0,0,0,0,0,0,0
53.6,3855,-50,0,0,0,0,3901.67,-116.68,0,0,0,0,0,0,0,0,0,0,0,0,0
53.7,3858,30,0,0,0,0,3892.94,-87.34,0,0,0,0,0,0,0,0,0,0,0,0,0
53.8,3864,60,0,0,0,0,3887.15,-57.87,0,0,0,0,0,0,0,0,0,0,0,0,0
53.9,3850,-140,0,0,0,0,3879.72,-74.3,0,0,0,0,0,0,0,0,0,0,0,0,0
54,3871,210,0,0,0,0,3877.98,-17.44,0,0,0,0,0,0,0,0,0,0,0,0,0
54.1,3824,-470,0,0,0,0,3867.18,-107.95,0,0,0,0,0,0,0,0,0,0,0,0,0
54.2,3849,250,0,0,0,0,3863.54,-36.36,0,0,0,0,0,0,0,0,0,0,0,0,0
54.3,3819,-300,0,0,0,0,3854.64,-89.09,0,0,0,0,0,0,0,0,0,0,0,0,0
54.4,3792,-270,0,0,0,0,3842.11,-125.27,0,0,0,0,0,0,0,0,0,0,0,0,0
54.5,3784,-80,0,0,0,0,3830.49,-116.22,0,0,0,0,0,0,0,0,0,0,0,0,0
54.6,3790,60,0,0,0,0,3822.39,-80.97,0,0,0,0,0,0,0,0,0,0,0,0,0
54.7,3807,170,0,0,0,0,3819.31,-30.78,0,0,0,0,0,0,0,0,0,0,0,0,0
54.8,3748,-590,0,0,0,0,3805.05,-142.62,0,0,0,0,0,0,0,0,0,0,0,0,0
54.9,3757,90,0,0,0,0,3795.44,-96.1,0,0,0,0,0,0,0,0,0,0,0,0,0
55,3760,30,0,0,0,0,3788.35,-70.88,0,0,0,0,0,0,0,0,0,0,0,0,0
55.1,3750,-100,0,0,0,0,3780.68,-76.7,0,0,0,0,0,0,0,0,0,0,0,0,0
55.2,3748,-20,0,0,0,0,3774.15,-65.36,0,0,0,0,0,0,0,0,0,0,0,0,0
55.3,3737,-110,0,0,0,0,3766.72,-74.29,0,0,0,0,0,0,0,0,0,0,0,0,0
55.4,3728,-90,0,0,0,0,3758.97,-77.43,0,0,0,0,0,0,0,0,0,0,0,0,0
55.5,3717,-110,0,0,0,0,3750.58,-83.95,0,0,0,0,0,0,0,0,0,0,0,0,0
55.6,3707,-100,0,0,0,0,3741.86,-87.16,0,0,0,0,0,0,0,0,0,0,0,0,0
55.7,3642,-650,0,0,0,0,3721.89,-199.73,0,0,0,0,0,0,0,0,0,0,0,0,0
55.8,3642,0,0,0,0,0,3705.91,-159.78,0,0,0,0,0,0,0,0,0,0,0,0,0
55.9,3642,0,0,0,0,0,3693.13,-127.82,0,0,0,0,0,0,0,0,0,0,0,0,0
56,3641,-10,0,0,0,0,3682.7,-104.26,0,0,0,0,0,0,0,0,0,0,0,0,0
56.1,3642,10,0,0,0,0,3674.56,-81.41,0,0,0,0,0,0,0,0,0,0,0,0,0
56.2,3644,20,0,0,0,0,3668.45,-61.13,0,0,0,0,0,0,0,0,0,0,0,0,0
56.3,3643,-10,0,0,0,0,3663.36,-50.9,0,0,0,0,0,0,0,0,0,0,0,0,0
56.4,3634,-90,0,0,0,0,3657.49,-58.72,0,0,0,0,0,0,0,0,0,0,0,0,0
56.5,3634,0,0,0,0,0,3652.79,-46.98,0,0,0,0,0,0,0,0,0,0,0,0,0
56.6,3622,-120,0,0,0,0,3646.63,-61.58,0,0,0,0,0,0,0,0,0,0,0,0,0
56.7,3614,-80,0,0,0,0,3640.11,-65.26,0,0,0,0,0,0,0,0,0,0,0,0,0
56.8,3600,-140,0,0,0,0,3632.08,-80.21,0,0,0,0,0,0,0,0,0,0,0,0,0
56.9,3532,-680,0,0,0,0,3612.07,-200.17,0,0,0,0,0,0,0,0,0,0,0,0,0
57,3585,530,0,0,0,0,3606.65,-54.14,0,0,0,0,0,0,0,0,0,0,0,0,0
57.1,3559,-260,0,0,0,0,3597.12,-95.31,0,0,0,0,0,0,0,0,0,0,0,0,0
57.2,3533,-260,0,0,0,0,3584.3,-128.25,0,0,0,0,0,0,0,0,0,0,0,0,0
57.3,3559,260,0,0,0,0,3579.24,-50.6,0,0,0,0,0,0,0,0,0,0,0,0,0
57.4,3562,30,0,0,0,0,3575.79,-34.48,0,0,0,0,0,0,0,0,0,0,0,0,0
57.5,3544,-180,0,0,0,0,3569.43,-63.58,0,0,0,0,0,0,0,0,0,0,0,0,0
57.6,3562,180,0,0,0,0,3567.95,-14.87,0,0,0,0,0,0,0,0,0,0,0,0,0
57.7,3551,-110,0,0,0,0,3564.56,-33.89,0,0,0,0,0,0,0,0,0,0,0,0,0
57.8,3518,-330,0,0,0,0,3555.25,-93.12,0,0,0,0,0,0,0,0,0,0,0,0,0
57.9,3507,-110,0,0,0,0,3545.6,-96.49,0,0,0,0,0,0,0,0,0,0,0,0,0
58,3492,-150,0,0,0,0,3534.88,-107.19,0,0,0,0,0,0,0,0,0,0,0,0,0
58.1,3438,-540,0,0,0,0,3515.5,-193.75,0,0,0,0,0,0,0,0,0,0,0,0,0
58.2,3467,290,0,0,0,0,3505.8,-97,0,0,0,0,0,0,0,0,0,0,0,0,0
58.3,3456,-110,0,0,0,0,3495.84,-99.6,0,0,0,0,0,0,0,0,0,0,0,0,0
58.4,3452,-40,0,0,0,0,3487.07,-87.68,0,0,0,0,0,0,0,0,0,0,0,0,0
58.5,3404,-480,0,0,0,0,3470.46,-166.15,0,0,0,0,0,0,0,0,0,0,0,0,0
58.6,3412,80,0,0,0,0,3458.77,-116.92,0,0,0,0,0,0,0,0,0,0,0,0,0
58.7,3420,80,0,0,0,0,3451.01,-77.53,0,0,0,0,0,0,0,0,0,0,0,0,0
58.8,3374,-460,0,0,0,0,3435.61,-154.03,0,0,0,0,0,0,0,0,0,0,0,0,0
58.9,3388,140,0,0,0,0,3426.09,-95.22,0,0,0,0,0,0,0,0,0,0,0,0,0
59,3343,-450,0,0,0,0,3409.47,-166.18,0,0,0,0,0,0,0,0,0,0,0,0,0
59.1,3358,150,0,0,0,0,3399.18,-102.94,0,0,0,0,0,0,0,0,0,0,0,0,0
59.2,3371,130,0,0,0,0,3393.54,-56.35,0,0,0,0,0,0,0,0,0,0,0,0,0
59.3,3323,-480,0,0,0,0,3379.43,-141.08,0,0,0,0,0,0,0,0,0,0,0,0,0
59.4,3327,40,0,0,0,0,3368.95,-104.87,0,0,0,0,0,0,0,0,0,0,0,0,0
59.5,3319,-80,0,0,0,0,3358.96,-99.89,0,0,0,0,0,0,0,0,0,0,0,0,0
59.6,3313,-60,0,0,0,0,3349.77,-91.91,0,0,0,0,0,0,0,0,0,0,0,0,0
59.7,3305,-80,0,0,0,0,3340.81,-89.53,0,0,0,0,0,0,0,0,0,0,0,0,0
59.8,3310,50,0,0,0,0,3334.65,-61.63,0,0,0,0,0,0,0,0,0,0,0,0,0
59.9,3327,170,0,0,0,0,3333.12,-15.3,0,0,0,0,0,0,0,0,0,0,0,0,0
60,3265,-620,0,0,0,0,3319.5,-136.24,0,0,0,0,0,0,0,0,0,0,0,0,0
60.1,3259,-60,0,0,0,0,3307.4,-120.99,0,0,0,0,0,0,0,0,0,0,0,0,0
60.2,3261,20,0,0,0,0,3298.12,-92.79,0,0,0,0,0,0,0,0,0,0,0,0,0
60.3,3259,-20,0,0,0,0,3290.29,-78.23,0,0,0,0,0,0,0,0,0,0,0,0,0
60.4,3262,30,0,0,0,0,3284.64,-56.59,0,0,0,0,0,0,0,0,0,0,0,0,0
60.5,3212,-500,0,0,0,0,3270.11,-145.27,0,0,0,0,0,0,0,0,0,0,0,0,0
60.6,3213,10,0,0,0,0,3258.69,-114.22,0,0,0,0,0,0,0,0,0,0,0,0,0
60.7,3225,120,0,0,0,0,3251.95,-67.37,0,0,0,0,0,0,0,0,0,0,0,0,0
60.8,3272,470,0,0,0,0,3255.96,40.1,0,0,0,0,0,0,0,0,0,0,0,0,0
60.9,3227,-450,0,0,0,0,3250.17,-57.92,0,0,0,0,0,0,0,0,0,0,0,0,0
61,3225,-20,0,0,0,0,3245.13,-50.33,0,0,0,0,0,0,0,0,0,0,0,0,0
61.1,3223,-20,0,0,0,0,3240.71,-44.27,0,0,0,0,0,0,0,0,0,0,0,0,0
61.2,3213,-100,0,0,0,0,3235.17,-55.42,0,0,0,0,0,0,0,0,0,0,0,0,0
61.3,3159,-540,0,0,0,0,3219.93,-152.33,0,0,0,0,0,0,0,0,0,0,0,0,0
61.4,3186,270,0,0,0,0,3213.15,-67.87,0,0,0,0,0,0,0,0,0,0,0,0,0
61.5,3144,-420,0,0,0,0,3199.32,-138.29,0,0,0,0,0,0,0,0,0,0,0,0,0
61.6,3157,130,0,0,0,0,3190.85,-84.63,0,0,0,0,0,0,0,0,0,0,0,0,0
61.7,3108,-490,0,0,0,0,3174.28,-165.71,0,0,0,0,0,0,0,0,0,0,0,0,0
61.8,3133,250,0,0,0,0,3166.03,-82.57,0,0,0,0,0,0,0,0,0,0,0,0,0
61.9,3090,-430,0,0,0,0,3150.82,-152.05,0,0,0,0,0,0,0,0,0,0,0,0,0
62,3118,280,0,0,0,0,3144.26,-65.64,0,0,0,0,0,0,0,0,0,0,0,0,0
62.1,3085,-330,0,0,0,0,3132.41,-118.51,0,0,0,0,0,0,0,0,0,0,0,0,0
62.2,3070,-150,0,0,0,0,3119.92,-124.81,0,0,0,0,0,0,0,0,0,0,0,0,0
62.3,3064,-60,0,0,0,0,3108.74,-111.85,0,0,0,0,0,0,0,0,0,0,0,0,0
62.4,3066,20,0,0,0,0,3100.19,-85.48,0,0,0,0,0,0,0,0,0,0,0,0,0
62.5,3071,50,0,0,0,0,3094.35,-58.38,0,0,0,0,0,0,0,0,0,0,0,0,0
62.6,3020,-510,0,0,0,0,3079.48,-148.71,0,0,0,0,0,0,0,0,0,0,0,0,0
62.7,3034,140,0,0,0,0,3070.39,-90.96,0,0,0,0,0,0,0,0,0,0,0,0,0
62.8,2987,-470,0,0,0,0,3053.71,-166.77,0,0,0,0,0,0,0,0,0,0,0,0,0
62.9,2998,110,0,0,0,0,3042.57,-111.42,0,0,0,0,0,0,0,0,0,0,0,0,0
63,3011,130,0,0,0,0,3036.25,-63.13,0,0,0,0,0,0,0,0,0,0,0,0,0
63.1,2961,-500,0,0,0,0,3021.2,-150.51,0,0,0,0,0,0,0,0,0,0,0,0,0
63.2,2972,110,0,0,0,0,3011.36,-98.41,0,0,0,0,0,0,0,0,0,0,0,0,0
63.3,2981,90,0,0,0,0,3005.29,-60.73,0,0,0,0,0,0,0,0,0,0,0,0,0
63.4,2933,-480,0,0,0,0,2990.83,-144.58,0,0,0,0,0,0,0,0,0,0,0,0,0
63.5,2939,60,0,0,0,0,2980.47,-103.66,0,0,0,0,0,0,0,0,0,0,0,0,0
63.6,2942,30,0,0,0,0,2972.77,-76.93,0,0,0,0,0,0,0,0,0,0,0,0,0
63.7,2950,80,0,0,0,0,2968.22,-45.54,0,0,0,0,0,0,0,0,0,0,0,0,0
63.8,2930,-200,0,0,0,0,2960.57,-76.44,0,0,0,0,0,0,0,0,0,0,0,0,0
63.9,2916,-140,0,0,0,0,2951.66,-89.15,0,0,0,0,0,0,0,0,0,0,0,0,0
64,2909,-70,0,0,0,0,2943.13,-85.32,0,0,0,0,0,0,0,0,0,0,0,0,0
64.1,2905,-40,0,0,0,0,2935.5,-76.25,0,0,0,0,0,0,0,0,0,0,0,0,0
64.2,2912,70,0,0,0,0,2930.8,-47,0,0,0,0,0,0,0,0,0,0,0,0,0
64.3,2927,150,0,0,0,0,2930.04,-7.6,0,0,0,0,0,0,0,0,0,0,0,0,0
64.4,2873,-540,0,0,0,0,2918.63,-114.08,0,0,0,0,0,0,0,0,0,0,0,0,0
64.5,2895,220,0,0,0,0,2913.91,-47.27,0,0,0,0,0,0,0,0,0,0,0,0,0
64.6,2866,-290,0,0,0,0,2904.33,-95.81,0,0,0,0,0,0,0,0,0,0,0,0,0
64.7,2850,-160,0,0,0,0,2893.46,-108.65,0,0,0,0,0,0,0,0,0,0,0,0,0
64.8,2843,-70,0,0,0,0,2883.37,-100.92,0,0,0,0,0,0,0,0,0,0,0,0,0
64.9,2836,-70,0,0,0,0,2873.89,-94.74,0,0,0,0,0,0,0,0,0,0,0,0,0
65,2834,-20,0,0,0,0,2865.92,-79.79,0,0,0,0,0,0,0,0,0,0,0,0,0
65.1,2834,0,0,0,0,0,2859.53,-63.83,0,0,0,0,0,0,0,0,0,0,0,0,0
65.2,2778,-560,0,0,0,0,2843.23,-163.06,0,0,0,0,0,0,0,0,0,0,0,0,0
65.3,2817,390,0,0,0,0,2837.98,-52.45,0,0,0,0,0,0,0,0,0,0,0,0,0
65.4,2793,-240,0,0,0,0,2828.98,-89.96,0,0,0,0,0,0,0,0,0,0,0,0,0
65.5,2751,-420,0,0,0,0,2813.39,-155.97,0,0,0,0,0,0,0,0,0,0,0,0,0
65.6,2781,300,0,0,0,0,2806.91,-64.78,0,0,0,0,0,0,0,0,0,0,0,0,0
65.7,2766,-150,0,0,0,0,2798.73,-81.82,0,0,0,0,0,0,0,0,0,0,0,0,0
65.8,2760,-60,0,0,0,0,2790.98,-77.46,0,0,0,0,0,0,0,0,0,0,0,0,0
65.9,2760,0,0,0,0,0,2784.79,-61.97,0,0,0,0,0,0,0,0,0,0,0,0,0
66,2705,-550,0,0,0,0,2768.83,-159.57,0,0,0,0,0,0,0,0,0,0,0,0,0
66.1,2759,540,0,0,0,0,2766.86,-19.66,0,0,0,0,0,0,0,0,0,0,0,0,0
66.2,2726,-330,0,0,0,0,2758.69,-81.73,0,0,0,0,0,0,0,0,0,0,0,0,0
66.3,2686,-400,0,0,0,0,2744.15,-145.38,0,0,0,0,0,0,0,0,0,0,0,0,0
66.4,2660,-260,0,0,0,0,2727.32,-168.31,0,0,0,0,0,0,0,0,0,0,0,0,0
66.5,2646,-140,0,0,0,0,2711.06,-162.64,0,0,0,0,0,0,0,0,0,0,0,0,0
66.6,2639,-70,0,0,0,0,2696.65,-144.11,0,0,0,0,0,0,0,0,0,0,0,0,0
66.7,2638,-10,0,0,0,0,2684.92,-117.29,0,0,0,0,0,0,0,0,0,0,0,0,0
66.8,2647,90,0,0,0,0,2677.33,-75.83,0,0,0,0,0,0,0,0,0,0,0,0,0
66.9,2640,-70,0,0,0,0,2669.87,-74.67,0,0,0,0,0,0,0,0,0,0,0,0,0
67,2616,-240,0,0,0,0,2659.09,-107.73,0,0,0,0,0,0,0,0,0,0,0,0,0
67.1,2641,250,0,0,0,0,2655.47,-36.19,0,0,0,0,0,0,0,0,0,0,0,0,0
67.2,2607,-340,0,0,0,0,2645.78,-96.95,0,0,0,0,0,0,0,0,0,0,0,0,0
67.3,2579,-280,0,0,0,0,2632.42,-133.56,0,0,0,0,0,0,0,0,0,0,0,0,0
67.4,2557,-220,0,0,0,0,2617.34,-150.85,0,0,0,0,0,0,0,0,0,0,0,0,0
67.5,2547,-100,0,0,0,0,2603.27,-140.68,0,0,0,0,0,0,0,0,0,0,0,0,0
67.6,2546,-10,0,0,0,0,2591.82,-114.54,0,0,0,0,0,0,0,0,0,0,0,0,0
67.7,2547,10,0,0,0,0,2582.85,-89.63,0,0,0,0,0,0,0,0,0,0,0,0,0
67.8,2557,100,0,0,0,0,2577.68,-51.71,0,0,0,0,0,0,0,0,0,0,0,0,0
67.9,2564,70,0,0,0,0,2574.95,-27.37,0,0,0,0,0,0,0,0,0,0,0,0,0
68,2568,40,0,0,0,0,2573.56,-13.89,0,0,0,0,0,0,0,0,0,0,0,0,0
68.1,2509,-590,0,0,0,0,2560.65,-129.11,0,0,0,0,0,0,0,0,0,0,0,0,0
68.2,2511,20,0,0,0,0,2550.72,-99.29,0,0,0,0,0,0,0,0,0,0,0,0,0
68.3,2507,-40,0,0,0,0,2541.97,-87.43,0,0,0,0,0,0,0,0,0,0,0,0,0
68.4,2511,40,0,0,0,0,2535.78,-61.95,0,0,0,0,0,0,0,0,0,0,0,0,0
68.5,2454,-570,0,0,0,0,2519.42,-163.56,0,0,0,0,0,0,0,0,0,0,0,0,0
68.6,2457,30,0,0,0,0,2506.94,-124.85,0,0,0,0,0,0,0,0,0,0,0,0,0
68.7,2462,50,0,0,0,0,2497.95,-89.88,0,0,0,0,0,0,0,0,0,0,0,0,0
68.8,2471,90,0,0,0,0,2492.56,-53.9,0,0,0,0,0,0,0,0,0,0,0,0,0
68.9,2476,50,0,0,0,0,2489.25,-33.12,0,0,0,0,0,0,0,0,0,0,0,0,0
69,2472,-40,0,0,0,0,2485.8,-34.5,0,0,0,0,0,0,0,0,0,0,0,0,0
69.1,2451,-210,0,0,0,0,2478.84,-69.6,0,0,0,0,0,0,0,0,0,0,0,0,0
69.2,2455,40,0,0,0,0,2474.07,-47.68,0,0,0,0,0,0,0,0,0,0,0,0,0
69.3,2444,-110,0,0,0,0,2468.06,-60.14,0,0,0,0,0,0,0,0,0,0,0,0,0
69.4,2446,20,0,0,0,0,2463.65,-44.11,0,0,0,0,0,0,0,0,0,0,0,0,0
69.5,2381,-650,0,0,0,0,2447.12,-165.29,0,0,0,0,0,0,0,0,0,0,0,0,0
69.6,2375,-60,0,0,0,0,2432.69,-144.23,0,0,0,0,0,0,0,0,0,0,0,0,0
69.7,2341,-340,0,0,0,0,2414.35,-183.39,0,0,0,0,0,0,0,0,0,0,0,0,0
69.8,2378,370,0,0,0,0,2407.08,-72.71,0,0,0,0,0,0,0,0,0,0,0,0,0
69.9,2378,0,0,0,0,0,2401.27,-58.17,0,0,0,0,0,0,0,0,0,0,0,0,0
70,2335,-430,0,0,0,0,2388.01,-132.53,0,0,0,0,0,0,0,0,0,0,0,0,0
70.1,2354,190,0,0,0,0,2381.21,-68.03,0,0,0,0,0,0,0,0,0,0,0,0,0
70.2,2368,140,0,0,0,0,2378.57,-26.42,0,0,0,0,0,0,0,0,0,0,0,0,0
70.3,2370,20,0,0,0,0,2376.85,-17.14,0,0,0,0,0,0,0,0,0,0,0,0,0
70.4,2331,-390,0,0,0,0,2367.68,-91.71,0,0,0,0,0,0,0,0,0,0,0,0,0
70.5,2388,570,0,0,0,0,2371.75,40.63,0,0,0,0,0,0,0,0,0,0,0,0,0
70.6,2377,-110,0,0,0,0,2372.8,10.51,0,0,0,0,0,0,0,0,0,0,0,0,0
70.7,2329,-480,0,0,0,0,2364.04,-87.6,0,0,0,0,0,0,0,0,0,0,0,0,0
70.8,2296,-330,0,0,0,0,2350.43,-136.08,0,0,0,0,0,0,0,0,0,0,0,0,0
70.9,2295,-10,0,0,0,0,2339.34,-110.86,0,0,0,0,0,0,0,0,0,0,0,0,0
71,2298,30,0,0,0,0,2331.08,-82.69,0,0,0,0,0,0,0,0,0,0,0,0,0
71.1,2297,-10,0,0,0,0,2324.26,-68.15,0,0,0,0,0,0,0,0,0,0,0,0,0
71.2,2249,-480,0,0,0,0,2309.21,-150.52,0,0,0,0,0,0,0,0,0,0,0,0,0
71.3,2239,-100,0,0,0,0,2295.17,-140.42,0,0,0,0,0,0,0,0,0,0,0,0,0
71.4,2225,-140,0,0,0,0,2281.13,-140.33,0,0,0,0,0,0,0,0,0,0,0,0,0
71.5,2204,-210,0,0,0,0,2265.71,-154.27,0,0,0,0,0,0,0,0,0,0,0,0,0
71.6,2202,-20,0,0,0,0,2252.97,-127.41,0,0,0,0,0,0,0,0,0,0,0,0,0
71.7,2194,-80,0,0,0,0,2241.17,-117.93,0,0,0,0,0,0,0,0,0,0,0,0,0
71.8,2196,20,0,0,0,0,2232.14,-90.34,0,0,0,0,0,0,0,0,0,0,0,0,0
71.9,2142,-540,0,0,0,0,2214.11,-180.28,0,0,0,0,0,0,0,0,0,0,0,0,0
72,2153,110,0,0,0,0,2201.89,-122.22,0,0,0,0,0,0,0,0,0,0,0,0,0
72.1,2168,150,0,0,0,0,2195.11,-67.78,0,0,0,0,0,0,0,0,0,0,0,0,0
72.2,2176,80,0,0,0,0,2191.29,-38.22,0,0,0,0,0,0,0,0,0,0,0,0,0
72.3,2172,-40,0,0,0,0,2187.43,-38.58,0,0,0,0,0,0,0,0,0,0,0,0,0
72.4,2170,-20,0,0,0,0,2183.94,-34.86,0,0,0,0,0,0,0,0,0,0,0,0,0
72.5,2110,-600,0,0,0,0,2169.16,-147.89,0,0,0,0,0,0,0,0,0,0,0,0,0
72.6,2093,-170,0,0,0,0,2153.92,-152.31,0,0,0,0,0,0,0,0,0,0,0,0,0
72.7,2091,-20,0,0,0,0,2141.34,-125.85,0,0,0,0,0,0,0,0,0,0,0,0,0
72.8,2096,50,0,0,0,0,2132.27,-90.68,0,0,0,0,0,0,0,0,0,0,0,0,0
72.9,2109,130,0,0,0,0,2127.62,-46.54,0,0,0,0,0,0,0,0,0,0,0,0,0
73,2124,150,0,0,0,0,2126.89,-7.23,0,0,0,0,0,0,0,0,0,0,0,0,0
73.1,2118,-60,0,0,0,0,2125.12,-17.79,0,0,0,0,0,0,0,0,0,0,0,0,0
73.2,2094,-240,0,0,0,0,2118.89,-62.23,0,0,0,0,0,0,0,0,0,0,0,0,0
73.3,2069,-250,0,0,0,0,2108.91,-99.79,0,0,0,0,0,0,0,0,0,0,0,0,0
73.4,2040,-290,0,0,0,0,2095.13,-137.83,0,0,0,0,0,0,0,0,0,0,0,0,0
73.5,2020,-200,0,0,0,0,2080.1,-150.26,0,0,0,0,0,0,0,0,0,0,0,0,0
73.6,2007,-130,0,0,0,0,2065.48,-146.21,0,0,0,0,0,0,0,0,0,0,0,0,0
73.7,2002,-50,0,0,0,0,2052.79,-126.97,0,0,0,0,0,0,0,0,0,0,0,0,0
73.8,1992,-100,0,0,0,0,2040.63,-121.57,0,0,0,0,0,0,0,0,0,0,0,0,0
73.9,1976,-160,0,0,0,0,2027.7,-129.26,0,0,0,0,0,0,0,0,0,0,0,0,0
74,2026,500,0,0,0,0,2027.36,-3.41,0,0,0,0,0,0,0,0,0,0,0,0,0
74.1,2008,-180,0,0,0,0,2023.49,-38.73,0,0,0,0,0,0,0,0,0,0,0,0,0
74.2,1993,-150,0,0,0,0,2017.39,-60.98,0,0,0,0,0,0,0,0,0,0,0,0,0
74.3,1987,-60,0,0,0,0,2011.31,-60.78,0,0,0,0,0,0,0,0,0,0,0,0,0
74.4,1936,-510,0,0,0,0,1996.25,-150.63,0,0,0,0,0,0,0,0,0,0,0,0,0
74.5,1956,200,0,0,0,0,1988.2,-80.5,0,0,0,0,0,0,0,0,0,0,0,0,0
74.6,1945,-110,0,0,0,0,1979.56,-86.4,0,0,0,0,0,0,0,0,0,0,0,0,0
74.7,1915,-300,0,0,0,0,1966.65,-129.12,0,0,0,0,0,0,0,0,0,0,0,0,0
74.8,1901,-140,0,0,0,0,1953.52,-131.3,0,0,0,0,0,0,0,0,0,0,0,0,0
74.9,1890,-110,0,0,0,0,1940.82,-127.04,0,0,0,0,0,0,0,0,0,0,0,0,0
75,1889,-10,0,0,0,0,1930.45,-103.63,0,0,0,0,0,0,0,0,0,0,0,0,0
75.1,1882,-70,0,0,0,0,1920.76,-96.9,0,0,0,0,0,0,0,0,0,0,0,0,0
75.2,1912,300,0,0,0,0,1919.01,-17.52,0,0,0,0,0,0,0,0,0,0,0,0,0
75.3,1874,-380,0,0,0,0,1910.01,-90.02,0,0,0,0,0,0,0,0,0,0,0,0,0
75.4,1898,240,0,0,0,0,1907.61,-24.01,0,0,0,0,0,0,0,0,0,0,0,0,0
75.5,1867,-310,0,0,0,0,1899.48,-81.21,0,0,0,0,0,0,0,0,0,0,0,0,0
75.6,1852,-150,0,0,0,0,1889.99,-94.97,0,0,0,0,0,0,0,0,0,0,0,0,0
75.7,1846,-60,0,0,0,0,1881.19,-87.98,0,0,0,0,0,0,0,0,0,0,0,0,0
75.8,1837,-90,0,0,0,0,1872.35,-88.38,0,0,0,0,0,0,0,0,0,0,0,0,0
75.9,1838,10,0,0,0,0,1865.48,-68.7,0,0,0,0,0,0,0,0,0,0,0,0,0
76,1777,-610,0,0,0,0,1847.79,-176.96,0,0,0,0,0,0,0,0,0,0,0,0,0
76.1,1779,20,0,0,0,0,1834.03,-137.57,0,0,0,0,0,0,0,0,0,0,0,0,0
76.2,1780,10,0,0,0,0,1823.22,-108.06,0,0,0,0,0,0,0,0,0,0,0,0,0
76.3,1782,20,0,0,0,0,1814.98,-82.45,0,0,0,0,0,0,0,0,0,0,0,0,0
76.4,1794,120,0,0,0,0,1810.78,-41.96,0,0,0,0,0,0,0,0,0,0,0,0,0
76.5,1793,-10,0,0,0,0,1807.23,-35.57,0,0,0,0,0,0,0,0,0,0,0,0,0
76.6,1725,-680,0,0,0,0,1790.78,-164.45,0,0,0,0,0,0,0,0,0,0,0,0,0
76.7,1728,30,0,0,0,0,1778.22,-125.56,0,0,0,0,0,0,0,0,0,0,0,0,0
76.8,1731,30,0,0,0,0,1768.78,-94.45,0,0,0,0,0,0,0,0,0,0,0,0,0
76.9,1744,130,0,0,0,0,1763.82,-49.56,0,0,0,0,0,0,0,0,0,0,0,0,0
77,1758,140,0,0,0,0,1762.66,-11.65,0,0,0,0,0,0,0,0,0,0,0,0,0
77.1,1711,-470,0,0,0,0,1752.33,-103.32,0,0,0,0,0,0,0,0,0,0,0,0,0
77.2,1728,170,0,0,0,0,1747.46,-48.65,0,0,0,0,0,0,0,0,0,0,0,0,0
77.3,1691,-370,0,0,0,0,1736.17,-112.92,0,0,0,0,0,0,0,0,0,0,0,0,0
77.4,1707,160,0,0,0,0,1730.34,-58.34,0,0,0,0,0,0,0,0,0,0,0,0,0
77.5,1681,-260,0,0,0,0,1720.47,-98.67,0,0,0,0,0,0,0,0,0,0,0,0,0
77.6,1674,-70,0,0,0,0,1711.17,-92.94,0,0,0,0,0,0,0,0,0,0,0,0,0
77.7,1667,-70,0,0,0,0,1702.34,-88.35,0,0,0,0,0,0,0,0,0,0,0,0,0
77.8,1658,-90,0,0,0,0,1693.47,-88.68,0,0,0,0,0,0,0,0,0,0,0,0,0
77.9,1659,10,0,0,0,0,1686.58,-68.94,0,0,0,0,0,0,0,0,0,0,0,0,0
78,1603,-560,0,0,0,0,1669.86,-167.15,0,0,0,0,0,0,0,0,0,0,0,0,0
78.1,1616,130,0,0,0,0,1659.09,-107.72,0,0,0,0,0,0,0,0,0,0,0,0,0
78.2,1622,60,0,0,0,0,1651.67,-74.18,0,0,0,0,0,0,0,0,0,0,0,0,0
78.3,1617,-50,0,0,0,0,1644.74,-69.34,0,0,0,0,0,0,0,0,0,0,0,0,0
78.4,1609,-80,0,0,0,0,1637.59,-71.47,0,0,0,0,0,0,0,0,0,0,0,0,0
78.5,1549,-600,0,0,0,0,1619.87,-177.18,0,0,0,0,0,0,0,0,0,0,0,0,0
78.6,1552,30,0,0,0,0,1606.3,-135.74,0,0,0,0,0,0,0,0,0,0,0,0,0
78.7,1555,30,0,0,0,0,1596.04,-102.6,0,0,0,0,0,0,0,0,0,0,0,0,0
78.8,1549,-60,0,0,0,0,1586.63,-94.08,0,0,0,0,0,0,0,0,0,0,0,0,0
78.9,1587,380,0,0,0,0,1586.7,0.74,0,0,0,0,0,0,0,0,0,0,0,0,0
79,1562,-250,0,0,0,0,1581.76,-49.41,0,0,0,0,0,0,0,0,0,0,0,0,0
79.1,1545,-170,0,0,0,0,1574.41,-73.53,0,0,0,0,0,0,0,0,0,0,0,0,0
79.2,1536,-90,0,0,0,0,1566.73,-76.82,0,0,0,0,0,0,0,0,0,0,0,0,0
79.3,1561,250,0,0,0,0,1565.58,-11.46,0,0,0,0,0,0,0,0,0,0,0,0,0
79.4,1522,-390,0,0,0,0,1556.87,-87.17,0,0,0,0,0,0,0,0,0,0,0,0,0
79.5,1516,-60,0,0,0,0,1548.69,-81.73,0,0,0,0,0,0,0,0,0,0,0,0,0
79.6,1516,0,0,0,0,0,1542.15,-65.39,0,0,0,0,0,0,0,0,0,0,0,0,0
79.7,1487,-290,0,0,0,0,1531.12,-110.31,0,0,0,0,0,0,0,0,0,0,0,0,0
79.8,1516,290,0,0,0,0,1528.1,-30.25,0,0,0,0,0,0,0,0,0,0,0,0,0
79.9,1491,-250,0,0,0,0,1520.68,-74.2,0,0,0,0,0,0,0,0,0,0,0,0,0
80,1454,-370,0,0,0,0,1507.34,-133.36,0,0,0,0,0,0,0,0,0,0,0,0,0
80.1,1438,-160,0,0,0,0,1493.47,-138.69,0,0,0,0,0,0,0,0,0,0,0,0,0
80.2,1417,-210,0,0,0,0,1478.18,-152.95,0,0,0,0,0,0,0,0,0,0,0,0,0
80.3,1410,-70,0,0,0,0,1464.54,-136.36,0,0,0,0,0,0,0,0,0,0,0,0,0
80.4,1406,-40,0,0,0,0,1452.83,-117.09,0,0,0,0,0,0,0,0,0,0,0,0,0
80.5,1402,-40,0,0,0,0,1442.67,-101.67,0,0,0,0,0,0,0,0,0,0,0,0,0
80.6,1402,0,0,0,0,0,1434.53,-81.34,0,0,0,0,0,0,0,0,0,0,0,0,0
80.7,1342,-600,0,0,0,0,1416.03,-185.07,0,0,0,0,0,0,0,0,0,0,0,0,0
80.8,1343,10,0,0,0,0,1401.42,-146.05,0,0,0,0,0,0,0,0,0,0,0,0,0
80.9,1339,-40,0,0,0,0,1388.94,-124.84,0,0,0,0,0,0,0,0,0,0,0,0,0
81,1340,10,0,0,0,0,1379.15,-97.88,0,0,0,0,0,0,0,0,0,0,0,0,0
81.1,1341,10,0,0,0,0,1371.52,-76.3,0,0,0,0,0,0,0,0,0,0,0,0,0
81.2,1338,-30,0,0,0,0,1364.82,-67.04,0,0,0,0,0,0,0,0,0,0,0,0,0
81.3,1335,-30,0,0,0,0,1358.85,-59.63,0,0,0,0,0,0,0,0,0,0,0,0,0
81.4,1331,-40,0,0,0,0,1353.28,-55.71,0,0,0,0,0,0,0,0,0,0,0,0,0
81.5,1273,-580,0,0,0,0,1337.23,-160.57,0,0,0,0,0,0,0,0,0,0,0,0,0
81.6,1269,-40,0,0,0,0,1323.58,-136.45,0,0,0,0,0,0,0,0,0,0,0,0,0
81.7,1266,-30,0,0,0,0,1312.06,-115.16,0,0,0,0,0,0,0,0,0,0,0,0,0
81.8,1258,-80,0,0,0,0,1301.25,-108.13,0,0,0,0,0,0,0,0,0,0,0,0,0
81.9,1241,-170,0,0,0,0,1289.2,-120.5,0,0,0,0,0,0,0,0,0,0,0,0,0
82,1224,-170,0,0,0,0,1276.16,-130.4,0,0,0,0,0,0,0,0,0,0,0,0,0
82.1,1216,-80,0,0,0,0,1264.13,-120.32,0,0,0,0,0,0,0,0,0,0,0,0,0
82.2,1216,0,0,0,0,0,1254.5,-96.26,0,0,0,0,0,0,0,0,0,0,0,0,0
82.3,1215,-10,0,0,0,0,1246.6,-79.01,0,0,0,0,0,0,0,0,0,0,0,0,0
82.4,1211,-40,0,0,0,0,1239.48,-71.2,0,0,0,0,0,0,0,0,0,0,0,0,0
82.5,1207,-40,0,0,0,0,1232.99,-64.96,0,0,0,0,0,0,0,0,0,0,0,0,0
82.6,1206,-10,0,0,0,0,1227.59,-53.97,0,0,0,0,0,0,0,0,0,0,0,0,0
82.7,1239,330,0,0,0,0,1229.87,22.82,0,0,0,0,0,0,0,0,0,0,0,0,0
82.8,1201,-380,0,0,0,0,1224.1,-57.74,0,0,0,0,0,0,0,0,0,0,0,0,0
82.9,1224,230,0,0,0,0,1224.08,-0.19,0,0,0,0,0,0,0,0,0,0,0,0,0
83,1191,-330,0,0,0,0,1217.46,-66.15,0,0,0,0,0,0,0,0,0,0,0,0,0
83.1,1167,-240,0,0,0,0,1207.37,-100.92,0,0,0,0,0,0,0,0,0,0,0,0,0
83.2,1154,-130,0,0,0,0,1196.7,-106.74,0,0,0,0,0,0,0,0,0,0,0,0,0
83.3,1175,210,0,0,0,0,1192.36,-43.39,0,0,0,0,0,0,0,0,0,0,0,0,0
83.4,1203,280,0,0,0,0,1194.49,21.29,0,0,0,0,0,0,0,0,0,0,0,0,0
83.5,1184,-190,0,0,0,0,1192.39,-20.97,0,0,0,0,0,0,0,0,0,0,0,0,0
83.6,1157,-270,0,0,0,0,1185.31,-70.78,0,0,0,0,0,0,0,0,0,0,0,0,0
83.7,1155,-20,0,0,0,0,1179.25,-60.62,0,0,0,0,0,0,0,0,0,0,0,0,0
83.8,1132,-230,0,0,0,0,1169.8,-94.5,0,0,0,0,0,0,0,0,0,0,0,0,0
83.9,1119,-130,0,0,0,0,1159.64,-101.6,0,0,0,0,0,0,0,0,0,0,0,0,0
84,1098,-210,0,0,0,0,1147.31,-123.28,0,0,0,0,0,0,0,0,0,0,0,0,0
84.1,1065,-330,0,0,0,0,1130.85,-164.62,0,0,0,0,0,0,0,0,0,0,0,0,0
84.2,1032,-330,0,0,0,0,1111.08,-197.7,0,0,0,0,0,0,0,0,0,0,0,0,0
84.3,1069,370,0,0,0,0,1102.66,-84.16,0,0,0,0,0,0,0,0,0,0,0,0,0
84.4,1052,-170,0,0,0,0,1092.53,-101.33,0,0,0,0,0,0,0,0,0,0,0,0,0
84.5,1045,-70,0,0,0,0,1083.02,-95.06,0,0,0,0,0,0,0,0,0,0,0,0,0
84.6,1041,-40,0,0,0,0,1074.62,-84.05,0,0,0,0,0,0,0,0,0,0,0,0,0
84.7,977,-640,0,0,0,0,1055.1,-195.24,0,0,0,0,0,0,0,0,0,0,0,0,0
84.8,981,40,0,0,0,0,1040.28,-148.19,0,0,0,0,0,0,0,0,0,0,0,0,0
84.9,986,50,0,0,0,0,1029.42,-108.55,0,0,0,0,0,0,0,0,0,0,0,0,0
85,988,20,0,0,0,0,1021.14,-82.84,0,0,0,0,0,0,0,0,0,0,0,0,0
85.1,983,-50,0,0,0,0,1013.51,-76.27,0,0,0,0,0,0,0,0,0,0,0,0,0
85.2,988,50,0,0,0,0,1008.41,-51.02,0,0,0,0,0,0,0,0,0,0,0,0,0
85.3,937,-510,0,0,0,0,994.13,-142.82,0,0,0,0,0,0,0,0,0,0,0,0,0
85.4,936,-10,0,0,0,0,982.5,-116.25,0,0,0,0,0,0,0,0,0,0,0,0,0
85.5,933,-30,0,0,0,0,972.6,-99,0,0,0,0,0,0,0,0,0,0,0,0,0
85.6,927,-60,0,0,0,0,963.48,-91.2,0,0,0,0,0,0,0,0,0,0,0,0,0
85.7,917,-100,0,0,0,0,954.18,-92.96,0,0,0,0,0,0,0,0,0,0,0,0,0
85.8,913,-40,0,0,0,0,945.95,-82.37,0,0,0,0,0,0,0,0,0,0,0,0,0
85.9,892,-210,0,0,0,0,935.16,-107.89,0,0,0,0,0,0,0,0,0,0,0,0,0
86,868,-240,0,0,0,0,921.73,-134.32,0,0,0,0,0,0,0,0,0,0,0,0,0
86.1,864,-40,0,0,0,0,910.18,-115.45,0,0,0,0,0,0,0,0,0,0,0,0,0
86.2,853,-110,0,0,0,0,898.74,-114.36,0,0,0,0,0,0,0,0,0,0,0,0,0
86.3,849,-40,0,0,0,0,888.8,-99.49,0,0,0,0,0,0,0,0,0,0,0,0,0
86.4,848,-10,0,0,0,0,880.64,-81.59,0,0,0,0,0,0,0,0,0,0,0,0,0
86.5,835,-130,0,0,0,0,871.51,-91.27,0,0,0,0,0,0,0,0,0,0,0,0,0
86.6,814,-210,0,0,0,0,860.01,-115.02,0,0,0,0,0,0,0,0,0,0,0,0,0
86.7,824,100,0,0,0,0,852.81,-72.01,0,0,0,0,0,0,0,0,0,0,0,0,0
86.8,804,-200,0,0,0,0,843.04,-97.61,0,0,0,0,0,0,0,0,0,0,0,0,0
86.9,796,-80,0,0,0,0,833.64,-94.09,0,0,0,0,0,0,0,0,0,0,0,0,0
87,788,-80,0,0,0,0,824.51,-91.27,0,0,0,0,0,0,0,0,0,0,0,0,0
87.1,775,-130,0,0,0,0,814.61,-99.02,0,0,0,0,0,0,0,0,0,0,0,0,0
87.2,782,70,0,0,0,0,808.09,-65.21,0,0,0,0,0,0,0,0,0,0,0,0,0
87.3,771,-110,0,0,0,0,800.67,-74.17,0,0,0,0,0,0,0,0,0,0,0,0,0
87.4,776,50,0,0,0,0,795.73,-49.34,0,0,0,0,0,0,0,0,0,0,0,0,0
87.5,769,-70,0,0,0,0,790.39,-53.47,0,0,0,0,0,0,0,0,0,0,0,0,0
87.6,734,-350,0,0,0,0,779.11,-112.78,0,0,0,0,0,0,0,0,0,0,0,0,0
87.7,758,240,0,0,0,0,774.89,-42.22,0,0,0,0,0,0,0,0,0,0,0,0,0
87.8,721,-370,0,0,0,0,764.11,-107.78,0,0,0,0,0,0,0,0,0,0,0,0,0
87.9,726,50,0,0,0,0,756.49,-76.22,0,0,0,0,0,0,0,0,0,0,0,0,0
88,731,50,0,0,0,0,751.39,-50.98,0,0,0,0,0,0,0,0,0,0,0,0,0
88.1,728,-30,0,0,0,0,746.71,-46.78,0,0,0,0,0,0,0,0,0,0,0,0,0
88.2,742,140,0,0,0,0,745.77,-9.43,0,0,0,0,0,0,0,0,0,0,0,0,0
88.3,734,-80,0,0,0,0,743.42,-23.54,0,0,0,0,0,0,0,0,0,0,0,0,0
88.4,698,-360,0,0,0,0,734.33,-90.83,0,0,0,0,0,0,0,0,0,0,0,0,0
88.5,681,-170,0,0,0,0,723.67,-106.67,0,0,0,0,0,0,0,0,0,0,0,0,0
88.6,666,-150,0,0,0,0,712.13,-115.33,0,0,0,0,0,0,0,0,0,0,0,0,0
88.7,635,-310,0,0,0,0,696.71,-154.27,0,0,0,0,0,0,0,0,0,0,0,0,0
88.8,616,-190,0,0,0,0,680.57,-161.41,0,0,0,0,0,0,0,0,0,0,0,0,0
88.9,626,100,0,0,0,0,669.65,-109.13,0,0,0,0,0,0,0,0,0,0,0,0,0
89,620,-60,0,0,0,0,659.72,-99.3,0,0,0,0,0,0,0,0,0,0,0,0,0
89.1,610,-100,0,0,0,0,649.78,-99.44,0,0,0,0,0,0,0,0,0,0,0,0,0
89.2,600,-100,0,0,0,0,639.82,-99.55,0,0,0,0,0,0,0,0,0,0,0,0,0
89.3,602,20,0,0,0,0,632.26,-75.64,0,0,0,0,0,0,0,0,0,0,0,0,0
89.4,602,0,0,0,0,0,626.21,-60.52,0,0,0,0,0,0,0,0,0,0,0,0,0
89.5,617,150,0,0,0,0,624.36,-18.41,0,0,0,0,0,0,0,0,0,0,0,0,0
89.6,579,-380,0,0,0,0,615.29,-90.73,0,0,0,0,0,0,0,0,0,0,0,0,0
89.7,561,-180,0,0,0,0,604.43,-108.58,0,0,0,0,0,0,0,0,0,0,0,0,0
89.8,585,240,0,0,0,0,600.55,-38.87,0,0,0,0,0,0,0,0,0,0,0,0,0
89.9,582,-30,0,0,0,0,596.84,-37.09,0,0,0,0,0,0,0,0,0,0,0,0,0
90,546,-360,0,0,0,0,586.67,-101.67,0,0,0,0,0,0,0,0,0,0,0,0,0
90.1,539,-70,0,0,0,0,577.14,-95.34,0,0,0,0,0,0,0,0,0,0,0,0,0
90.2,533,-60,0,0,0,0,568.31,-88.27,0,0,0,0,0,0,0,0,0,0,0,0,0
90.3,525,-80,0,0,0,0,559.65,-86.62,0,0,0,0,0,0,0,0,0,0,0,0,0
90.4,491,-340,0,0,0,0,545.92,-137.29,0,0,0,0,0,0,0,0,0,0,0,491,0
90.5,511,200,0,0,0,0,538.93,-69.84,0,0,0,0,0,0,0,0,0,0,0,0,0
90.6,520,90,0,0,0,0,535.15,-37.87,0,0,0,0,0,0,0,0,0,0,0,0,0
90.7,498,-220,0,0,0,0,527.72,-74.29,0,0,0,0,0,0,0,0,0,0,0,0,0
90.8,490,-80,0,0,0,0,520.17,-75.44,0,0,0,0,0,0,0,0,0,0,0,0,0
90.9,500,100,0,0,0,0,516.14,-40.35,0,0,0,0,0,0,0,0,0,0,0,0,0
91,471,-290,0,0,0,0,507.11,-90.28,0,0,0,0,0,0,0,0,0,0,0,0,0
91.1,493,220,0,0,0,0,504.29,-28.22,0,0,0,0,0,0,0,0,0,0,0,0,0
91.2,458,-350,0,0,0,0,495.03,-92.58,0,0,0,0,0,0,0,0,0,0,0,0,0
91.3,412,-460,0,0,0,0,478.43,-166.06,0,0,0,0,0,0,0,0,0,0,0,0,0
91.4,399,-130,0,0,0,0,462.54,-158.85,0,0,0,0,0,0,0,0,0,0,0,0,0
91.5,383,-160,0,0,0,0,446.63,-159.08,0,0,0,0,0,0,0,0,0,0,0,0,0
91.6,378,-50,0,0,0,0,432.91,-137.26,0,0,0,0,0,0,0,0,0,0,0,0,0
91.7,387,90,0,0,0,0,423.72,-91.81,0,0,0,0,0,0,0,0,0,0,0,0,0
91.8,414,270,0,0,0,0,421.78,-19.45,0,0,0,0,0,0,0,0,0,0,0,0,0
91.9,438,240,0,0,0,0,425.02,32.44,0,0,0,0,0,0,0,0,0,0,0,0,0
92,430,-80,0,0,0,0,426.02,9.95,0,0,0,0,0,0,0,0,0,0,0,0,0
92.1,437,70,0,0,0,0,428.22,21.96,0,0,0,0,0,0,0,0,0,0,0,0,0
92.2,415,-220,0,0,0,0,425.57,-26.43,0,0,0,0,0,0,0,0,0,0,0,0,0
92.3,386,-290,0,0,0,0,417.66,-79.14,0,0,0,0,0,0,0,0,0,0,0,0,0
92.4,353,-330,0,0,0,0,404.73,-129.32,0,0,0,0,0,0,0,0,0,0,0,0,0
92.5,330,-230,0,0,0,0,389.78,-149.45,0,0,0,0,0,0,0,0,0,0,0,0,0
92.6,318,-120,0,0,0,0,375.42,-143.56,0,0,0,0,0,0,0,0,0,0,0,0,0
92.7,315,-30,0,0,0,0,363.34,-120.85,0,0,0,0,0,0,0,0,0,0,0,0,0
92.8,311,-40,0,0,0,0,352.87,-104.68,0,0,0,0,0,0,0,0,0,0,0,0,0
92.9,254,-570,0,0,0,0,333.1,-197.74,0,0,0,0,0,0,0,0,0,0,0,0,0
93,251,-30,0,0,0,0,316.68,-164.19,0,0,0,0,0,0,0,0,0,0,0,0,0
93.1,253,20,0,0,0,0,303.94,-127.36,0,0,0,0,0,0,0,0,0,0,0,0,0
93.2,251,-20,0,0,0,0,293.35,-105.88,0,0,0,0,0,0,0,0,0,0,0,0,0
93.3,250,-10,0,0,0,0,284.68,-86.71,0,0,0,0,0,0,0,0,0,0,0,0,0
93.4,249,-10,0,0,0,0,277.55,-71.37,0,0,0,0,0,0,0,0,0,0,0,0,0
93.5,248,-10,0,0,0,0,271.64,-59.09,0,0,0,0,0,0,0,0,0,0,0,0,0
93.6,187,-610,0,0,0,0,254.71,-169.27,0,0,0,0,0,0,0,0,0,0,0,0,0
93.7,187,0,0,0,0,0,241.17,-135.42,0,0,0,0,0,0,0,0,0,0,0,0,0
93.8,183,-40,0,0,0,0,229.53,-116.34,0,0,0,0,0,0,0,0,0,0,0,0,0
93.9,183,0,0,0,0,0,220.23,-93.07,0,0,0,0,0,0,0,0,0,0,0,0,0
94,186,30,0,0,0,0,213.38,-68.45,0,0,0,0,0,0,0,0,0,0,0,0,0
94.1,181,-50,0,0,0,0,206.91,-64.76,0,0,0,0,0,0,0,0,0,0,0,0,0
94.2,171,-100,0,0,0,0,199.72,-71.81,0,0,0,0,0,0,0,0,0,0,0,0,0
94.3,168,-30,0,0,0,0,193.38,-63.45,0,0,0,0,0,0,0,0,0,0,0,0,0
94.4,197,290,0,0,0,0,194.1,7.24,0,0,0,0,0,0,0,0,0,0,0,0,0
94.5,231,340,0,0,0,0,201.48,73.79,0,0,0,0,0,0,0,0,0,0,0,0,0
94.6,196,-350,0,0,0,0,200.39,-10.97,0,0,0,0,0,0,0,0,0,0,0,0,0
94.7,176,-200,0,0,0,0,195.51,-48.77,0,0,0,0,0,0,0,0,0,0,0,0,0
94.8,155,-210,0,0,0,0,187.41,-81.02,0,0,0,0,0,0,0,0,0,0,0,0,0
94.9,125,-300,0,0,0,0,174.93,-124.81,0,0,0,0,0,0,0,0,0,0,0,0,0
95,111,-140,0,0,0,0,162.14,-127.85,0,0,0,0,0,0,0,0,0,0,0,0,0
95.1,111,0,0,0,0,0,151.91,-102.28,0,0,0,0,0,0,0,0,0,0,0,0,0
95.2,147,360,0,0,0,0,150.93,-9.82,0,0,0,0,0,0,0,0,0,0,0,0,0
95.3,115,-320,0,0,0,0,143.74,-71.86,0,0,0,0,0,0,0,0,0,0,0,0,0
95.4,78,-370,0,0,0,0,130.6,-131.49,0,0,0,0,0,0,0,0,0,0,0,0,0
95.5,50,-280,0,0,0,0,114.48,-161.19,0,0,0,0,0,0,0,0,0,0,0,0,0
95.6,36,-140,0,0,0,0,98.78,-156.95,0,0,0,0,0,0,0,0,0,0,0,0,0
95.7,6,-300,0,0,0,0,80.22,-185.56,0,0,0,0,0,0,0,0,0,0,0,0,0
95.8,5,-10,0,0,0,0,65.18,-150.45,0,0,0,0,0,0,0,0,0,0,0,0,0